game_id,game_date,origin,home_win,p_elo_raw,p_elo_platt_identity_shrunk,p_elo_beta_identity_shrunk
0022500702,2026-02-01,2026-02-01,1,0.7780039760774082,0.7674600251680739,0.7720742501339846
0022500703,2026-02-01,2026-02-01,1,0.7178927882300258,0.70869595502293,0.7126017764863664
0022500704,2026-02-01,2026-02-01,1,0.8348638109338468,0.823928187595574,0.8288126295346325
0022500705,2026-02-01,2026-02-01,1,0.5846856256969467,0.5805295456970483,0.5819474953967534
0022500706,2026-02-01,2026-02-01,1,0.77167302192307,0.7612315898555257,0.7657889630718245
0022500707,2026-02-01,2026-02-01,1,0.5635065699464035,0.5603038117551912,0.561259700714589
0022500708,2026-02-01,2026-02-01,1,0.6053361777396765,0.6002775486201151,0.602134470295863
0022500709,2026-02-01,2026-02-01,0,0.6411262826894178,0.6345866937653121,0.6371681549207808
0022500710,2026-02-01,2026-02-01,0,0.42902500816862554,0.4320852535091744,0.430031102037649
0022500711,2026-02-01,2026-02-01,0,0.4296929433420434,0.43272282230836495,0.4306831895718791
0022500712,2026-02-02,2026-02-01,1,0.8009028900211178,0.7900795786821697,0.7948579824246191
0022500713,2026-02-02,2026-02-01,0,0.2889685438097861,0.297554435866204,0.2928707429619796
0022500714,2026-02-02,2026-02-01,1,0.2988237378747515,0.3070995778535854,0.30256237721741686
0022500715,2026-02-02,2026-02-01,0,0.6248016418262049,0.6189227585224384,0.6211802187100136
0022500716,2026-02-03,2026-02-01,1,0.6770577723403629,0.669170292651157,0.6724179544716231
0022500717,2026-02-03,2026-02-01,0,0.6249377274062193,0.6190532279063654,0.6213134366202206
0022500718,2026-02-03,2026-02-01,0,0.2814869403595752,0.2902971747313167,0.28550766604756633
0022500719,2026-02-03,2026-02-01,0,0.35580902080203825,0.3620163612628171,0.3584608979184575
0022500720,2026-02-03,2026-02-01,0,0.5990898450545644,0.5943010028225462,0.5960265337766935
0022500721,2026-02-03,2026-02-01,0,0.3588036115019205,0.364891238661112,0.3613927485715227
0022500722,2026-02-03,2026-02-01,1,0.485941008558542,0.48635782963148744,0.485569922118074
0022500723,2026-02-03,2026-02-01,1,0.7908850907745797,0.7801656549509932,0.7848805562431009
0022500724,2026-02-03,2026-02-01,0,0.5348882512092648,0.5330058376437407,0.533323952020629
0022500725,2026-02-03,2026-02-01,0,0.4015087628813859,0.40579848818572417,0.403157002595502
0022500726,2026-02-04,2026-02-01,1,0.6288305961030162,0.6227861847946277,0.625124691307141
0022500727,2026-02-04,2026-02-01,0,0.49106539770129926,0.4912409943288668,0.49056889737539017
0022500728,2026-02-04,2026-02-01,0,0.5375874447843546,0.5355793182566391,0.5359580620645348
0022500729,2026-02-04,2026-02-01,1,0.6062304902475724,0.6011334804611121,0.6030091072373868
0022500730,2026-02-04,2026-02-01,1,0.47155771891900544,0.4726501775507568,0.4715381475780122
0022500731,2026-02-04,2026-02-01,0,0.4468365665715381,0.44908028410362577,0.4474167412977166
0022500732,2026-02-04,2026-02-01,0,0.5037367272914897,0.5033155295912529,0.5029301636486223
0022500733,2026-02-05,2026-02-01,0,0.8641541137356887,0.8534728501335122,0.8582879467016322
0022500734,2026-02-05,2026-02-01,1,0.7014961897857166,0.6927926780706508,0.6964487067802136
0022500735,2026-02-05,2026-02-01,1,0.7530605437971692,0.742977997246911,0.7473422459236495
0022500736,2026-02-05,2026-02-01,1,0.6588914454188328,0.6516655455875993,0.6545851932365839
0022500737,2026-02-05,2026-02-01,0,0.5205780300313813,0.5193649770879101,0.5193605663537428
0022500738,2026-02-05,2026-02-01,0,0.3088971722460442,0.316840000669914,0.3124603995838176
0022500739,2026-02-05,2026-02-01,0,0.6571039933874231,0.6499454724042854,0.6528318333069052
0022500740,2026-02-05,2026-02-01,1,0.4819966131274834,0.4825989722393888,0.4817220211804109
0022500741,2026-02-06,2026-02-01,1,0.7383051409518786,0.7285633667117074,0.7327491408586151
0022500742,2026-02-06,2026-02-01,1,0.5647406690723177,0.561481716341771,0.5624648019954321
0022500743,2026-02-06,2026-02-01,1,0.6512551819878362,0.6443198201518294,0.6470960740364659
0022500744,2026-02-06,2026-02-01,0,0.7903939504154036,0.7796803597139799,0.7843918059693137
0022500745,2026-02-06,2026-02-01,1,0.591727364844877,0.5872601866010136,0.58882926138236
0022500746,2026-02-06,2026-02-01,0,0.2895991043019276,0.29816564465345347,0.2934910870547051
0022500747,2026-02-07,2026-02-01,1,0.5024574232004243,0.5020964698569091,0.5016821451123845
0022500748,2026-02-07,2026-02-01,0,0.6838038598234973,0.6756821590921828,0.6790465401977454
0022500749,2026-02-07,2026-02-01,1,0.7962503428732673,0.785471590395325,0.790222175414685
0022500750,2026-02-07,2026-02-01,1,0.7101108445997267,0.7011423289508405,0.7049321994654534
0022500751,2026-02-07,2026-02-01,0,0.40967623568661793,0.4136057963157851,0.4111362627747713
0022500752,2026-02-07,2026-02-01,0,0.42221987318997967,0.4255882220714145,0.423386794407103
0022500753,2026-02-07,2026-02-01,1,0.5655783100536481,0.5622812568433397,0.5632827848161778
0022500754,2026-02-07,2026-02-01,0,0.5625027606099147,0.5593457634832301,0.560279508724483
0022500755,2026-02-07,2026-02-01,1,0.6317804507672105,0.6256158433689869,0.6280132515155519
0022500756,2026-02-07,2026-02-01,0,0.19501909824883554,0.2055555149780184,0.19996846920142225
0022500757,2026-02-08,2026-02-08,0,0.6445731436522458,0.6422801184924182,0.6445677641761143
0022500758,2026-02-08,2026-02-08,0,0.3813902761456297,0.3827243061515762,0.38139044619111057
0022500759,2026-02-08,2026-02-08,1,0.76979271253806,0.7664322371934995,0.7697859533686551
0022500760,2026-02-08,2026-02-08,0,0.5847991218808247,0.5832614915278189,0.584794845617819
0022500761,2026-02-09,2026-02-08,0,0.5688604239517742,0.5675398692321075,0.5688564717069059
0022500762,2026-02-09,2026-02-08,1,0.48027450076502837,0.48022008397402177,0.48027248016111834
0022500763,2026-02-09,2026-02-08,0,0.754919124201712,0.7516340050667571,0.7549124376208206
0022500764,2026-02-09,2026-02-08,1,0.6061097549987756,0.6042909160048411,0.6061050630621113
0022500765,2026-02-09,2026-02-08,1,0.5972424692096254,0.5955392580851379,0.5972379475857118
0022500766,2026-02-09,2026-02-08,1,0.661255659931456,0.6587733736377885,0.6612500124147387
0022500767,2026-02-09,2026-02-08,0,0.43675768380202795,0.4373297776797624,0.4367566417068578
0022500768,2026-02-09,2026-02-08,1,0.7079216332488726,0.704976806220816,0.7079153566141061
0022500769,2026-02-09,2026-02-08,0,0.43761379872955797,0.43817372110558467,0.437612737480515
0022500770,2026-02-09,2026-02-08,1,0.4029898988157512,0.4040336151917864,0.40298960374503395
0022500771,2026-02-10,2026-02-08,0,0.8443931026129714,0.8409612540055441,0.8443865177130654
0022500772,2026-02-10,2026-02-08,1,0.5759554309556227,0.5745376088360395,0.575951333213425
0022500773,2026-02-10,2026-02-08,1,0.7257443541172314,0.7226537104970419,0.7257378923008062
0022500774,2026-02-10,2026-02-08,0,0.4108270168189572,0.41176296211123525,0.4108265501701279
0022500775,2026-02-11,2026-02-08,1,0.7177921464619541,0.7147642116039722,0.7177857630899923
0022500776,2026-02-11,2026-02-08,1,0.8592706105395096,0.8559001307812191,0.8592641927182486
0022500777,2026-02-11,2026-02-08,0,0.6413309392075874,0.6390759504739946,0.6413256141126586
0022500778,2026-02-11,2026-02-08,1,0.803089194725074,0.7996275866539567,0.8030823918873041
0022500779,2026-02-11,2026-02-08,0,0.5684679441892968,0.5671527980388065,0.5684640000490495
0022500780,2026-02-11,2026-02-08,0,0.523739914233355,0.5230562283384597,0.5237369255430796
0022500781,2026-02-11,2026-02-08,0,0.4095925566541285,0.4105455540337777,0.4095921171168181
0022500782,2026-02-11,2026-02-08,0,0.6037286581065308,0.6019406627159851,0.603724011512888
0022500783,2026-02-11,2026-02-08,1,0.6127822135090725,0.6108777855013647,0.6127773961007951
0022500784,2026-02-11,2026-02-08,0,0.45095638744997213,0.4513256033890457,0.4509550268576867
0022500785,2026-02-11,2026-02-08,0,0.4424866186943297,0.44297710505139987,0.44248544828938147
0022500786,2026-02-11,2026-02-08,1,0.630934898526267,0.6288044290532223,0.6309297524980754
0022500787,2026-02-11,2026-02-08,1,0.7203844531009678,0.7173356494829446,0.7203780433997955
0022500788,2026-02-11,2026-02-08,0,0.3725139578252998,0.3739640029618405,0.37251431506431765
0022500789,2026-02-12,2026-02-08,0,0.8140668952141852,0.8105949095457748,0.8140601182809682
0022500790,2026-02-12,2026-02-08,0,0.3983162011378591,0.399423611009737,0.3983160077351645
0022500791,2026-02-12,2026-02-08,1,0.6824917044222204,0.6797856947056149,0.6824857468522662
0022500792,2026-02-19,2026-02-15,0,0.6090056600752267,0.6031663154296343,0.6089991170643895
0022500793,2026-02-19,2026-02-15,1,0.8535756595103196,0.8437082914346667,0.8535681426122692
0022500794,2026-02-19,2026-02-15,0,0.6228139009850755,0.6165034616834599,0.6228071304153111
0022500795,2026-02-19,2026-02-15,1,0.49928207920533174,0.49759302381843484,0.4992776823182289
0022500796,2026-02-19,2026-02-15,0,0.4980609435823762,0.4964203901125622,0.49805657290463984
0022500797,2026-02-19,2026-02-15,0,0.37799650167207305,0.3810338259831876,0.3779947641633513
0022500798,2026-02-19,2026-02-15,1,0.712327258166289,0.7034654805176253,0.7123193823940841
0022500799,2026-02-19,2026-02-15,0,0.40683657542178764,0.4087916709443902,0.40683420882463317
0022500800,2026-02-19,2026-02-15,0,0.3151340439051404,0.320323375223832,0.31513361037347903
0022500801,2026-02-19,2026-02-15,1,0.5827281577731009,0.577826300318697,0.582722079769473
0022500802,2026-02-20,2026-02-15,0,0.4969806639362742,0.49538303211252216,0.49697631647089563
0022500803,2026-02-20,2026-02-15,1,0.5346911784561243,0.5316080849418046,0.5346860380647628
0022500804,2026-02-20,2026-02-15,1,0.5952327774100649,0.5898786251082764,0.5952264732240212
0022500805,2026-02-20,2026-02-15,0,0.5490466877253823,0.5454088870488827,0.5490412571140091
0022500806,2026-02-20,2026-02-15,1,0.7427864765470956,0.7333212823137829,0.7427784129301379
0022500807,2026-02-20,2026-02-15,0,0.4270943931954698,0.4282662608519516,0.4270915794902705
0022500808,2026-02-20,2026-02-15,1,0.8541750576810988,0.8443156544719446,0.8541675505960429
0022500809,2026-02-20,2026-02-15,1,0.4934471388752052,0.4919899855745262,0.4934428675023261
0022500810,2026-02-20,2026-02-15,0,0.5014781777048714,0.49970194280933233,0.5014737337636759
0022500811,2026-02-21,2026-02-15,1,0.6242388780344121,0.6178807685946509,0.624232084702357
0022500812,2026-02-21,2026-02-15,1,0.35918489518609037,0.3629006196675381,0.3591835598624521
0022500813,2026-02-21,2026-02-15,1,0.7108835555291395,0.7020543187726698,0.7108756914189439
0022500814,2026-02-21,2026-02-15,0,0.18277757964369504,0.19076168239927238,0.18277921625734797
0022500815,2026-02-21,2026-02-15,1,0.9253446493903589,0.9176244863976227,0.9253390995385983
0022500816,2026-02-21,2026-02-15,1,0.55623673083043,0.5523242620677126,0.5562311578180319
0022500817,2026-02-22,2026-02-22,1,0.5231986193682824,0.5206886738905815,0.523193951438594
0022500818,2026-02-22,2026-02-22,1,0.7171724161358811,0.7088332370182542,0.7171649914057355
0022500819,2026-02-22,2026-02-22,0,0.5127865724252241,0.5106550238179104,0.5127821059301616
0022500820,2026-02-22,2026-02-22,1,0.45406998242049085,0.4540936586000711,0.454066692193257
0022500821,2026-02-22,2026-02-22,0,0.4731460167866839,0.4724690277280436,0.47314233888025037
0022500822,2026-02-22,2026-02-22,0,0.2536683493222066,0.2599454579641153,0.25366885918428334
0022500823,2026-02-22,2026-02-22,0,0.4183046260221466,0.4196258458071619,0.4183020674428021
0022500824,2026-02-22,2026-02-22,0,0.6608588584347582,0.6538532653284934,0.660851965304171
0022500825,2026-02-22,2026-02-22,0,0.24536360601594184,0.2518105586858087,0.24536424065537024
0022500826,2026-02-22,2026-02-22,0,0.6443002458410091,0.6377590564604945,0.6442935611561716
0022500827,2026-02-22,2026-02-22,0,0.663496173778668,0.6564193098867558,0.6634892494216776
0022500828,2026-02-23,2026-02-22,0,0.5398435333972224,0.5367346234173037,0.5398385499796635
0022500829,2026-02-23,2026-02-22,0,0.7112504093335279,0.7030310099835507,0.7112430259611846
0022500830,2026-02-23,2026-02-22,1,0.8218610989984182,0.8124972924870435,0.8218537005188731
0022500831,2026-02-24,2026-02-22,0,0.29523358620414636,0.3005101248018011,0.29523341259606256
0022500832,2026-02-24,2026-02-22,1,0.7094312284661967,0.7012496842933863,0.7094238585455809
0022500833,2026-02-24,2026-02-22,0,0.44400779160802956,0.4443993566991958,0.4440047069755706
0022500834,2026-02-24,2026-02-22,0,0.40897952998076353,0.4106330238896127,0.4089771618107553
0022500835,2026-02-24,2026-02-22,1,0.5909532440906935,0.586076426686839,0.5909473572326991
0022500836,2026-02-24,2026-02-22,0,0.2377633353105461,0.24435579164387913,0.2377640802142086
0022500837,2026-02-24,2026-02-22,1,0.453331181886921,0.45338192240960634,0.4533279067362582
0022500838,2026-02-24,2026-02-22,1,0.38374867188047657,0.38628265416442326,0.383746815018482
0022500839,2026-02-24,2026-02-22,0,0.35913894982878175,0.3624982148711924,0.3591375824502901
0022500840,2026-02-24,2026-02-22,0,0.5914475307364618,0.586554308132592,0.5914416357225833
0022500841,2026-02-24,2026-02-22,0,0.49890776687821314,0.4972837759991008,0.49890357303138216
0022500842,2026-02-25,2026-02-22,1,0.5427204593193699,0.5395089224288657,0.5427154222786983
0022500843,2026-02-25,2026-02-22,0,0.31318627026860013,0.3179640218236197,0.3131857758325797
0022500844,2026-02-25,2026-02-22,0,0.3604776275591821,0.36379301166044725,0.36047623386885425
0022500845,2026-02-25,2026-02-22,1,0.8648405663386486,0.8558715336404621,0.8648337342576097
0022500846,2026-02-25,2026-02-22,1,0.3199436497191916,0.3245247807840252,0.31994303120407225
0022500847,2026-02-25,2026-02-22,1,0.3809009550672222,0.38353231100262825,0.38089915540381586
0022500848,2026-02-26,2026-02-22,0,0.18630087017318583,0.19358855503479847,0.1863022464845554
0022500849,2026-02-26,2026-02-22,1,0.5612743993043425,0.5574087877210081,0.5612690236945292
0022500850,2026-02-26,2026-02-22,1,0.7332789741251051,0.7246419919658303,0.7332714565468046
0022500851,2026-02-26,2026-02-22,0,0.11542523821987719,0.1225489377922268,0.11542704135885727
0022500852,2026-02-26,2026-02-22,0,0.4014732495472293,0.4033917468599002,0.40147103420130753
0022500853,2026-02-26,2026-02-22,0,0.353238455497334,0.35678960544489297,0.353237203592929
0022500854,2026-02-26,2026-02-22,0,0.719235935063247,0.7108562828817252,0.7192284968114037
0022500855,2026-02-26,2026-02-22,1,0.5293641745615152,0.5266314093676909,0.5293593887747894
0022500856,2026-02-26,2026-02-22,0,0.4463817221991843,0.4466866443546796,0.4463785890180182
0022500857,2026-02-26,2026-02-22,0,0.5503797862935726,0.5468965202623168,0.5503746079141002
0022500858,2026-02-27,2026-02-22,1,0.585871051497412,0.5811638076014152,0.585865249220755
0022500859,2026-02-27,2026-02-22,1,0.8823183793864939,0.8737011634256888,0.8823119061573492
0022500860,2026-02-27,2026-02-22,0,0.41207412752375516,0.413617709456164,0.4120716962227682
0022500861,2026-02-27,2026-02-22,0,0.6059976207490791,0.6006288603482632,0.605991491514849
0022500862,2026-02-27,2026-02-22,1,0.6498982143879657,0.6431968547370924,0.649891456904229
0022500863,2026-02-28,2026-02-22,1,0.7027355213473504,0.6946974804140533,0.7027282038853365
0022500864,2026-02-28,2026-02-22,1,0.4084811137766061,0.410152275362168,0.40847875576821885
0022500865,2026-02-28,2026-02-22,0,0.2777940266879174,0.2835187719353589,0.2777941508863149
0022500866,2026-02-28,2026-02-22,0,0.5637813133074228,0.5598284808729778,0.563775892987197
0022500867,2026-02-28,2026-02-22,0,0.39717413176178407,0.39924330993204205,0.397172003708978
0022500868,2026-03-01,2026-03-01,1,0.3984552004173888,0.398455985119888,0.39845118071918817
0022500869,2026-03-01,2026-03-01,0,0.15448215801405005,0.15448857053005338,0.15448225423473358
0022500870,2026-03-01,2026-03-01,1,0.34239778238155955,0.34240044772894795,0.3423948451852544
0022500871,2026-03-01,2026-03-01,0,0.5517572651629346,0.551752622647073,0.551750460025884
0022500872,2026-03-01,2026-03-01,0,0.443420564278663,0.44341975137080875,0.44341567902917267
0022500873,2026-03-01,2026-03-01,1,0.5561683382359546,0.5561635478854675,0.5561614635669208
0022500874,2026-03-01,2026-03-01,1,0.6788986971062879,0.678890409930647,0.6788903560316639
0022500875,2026-03-01,2026-03-01,0,0.2719252596549625,0.2719299433789055,0.27192362043197926
0022500876,2026-03-01,2026-03-01,0,0.18293726512418157,0.18294352218325732,0.18293701410024207
0022500877,2026-03-01,2026-03-01,1,0.6648788895233465,0.66487092328727,0.6648706595367133
0022500878,2026-03-01,2026-03-01,1,0.8058172206888025,0.8058075182565654,0.805808894305689
0022500879,2026-03-02,2026-03-01,0,0.20867807988632836,0.20868403104757838,0.20867746828843492
0022500880,2026-03-02,2026-03-01,0,0.2707745176299121,0.2707792297881462,0.2707728985286862
0022500881,2026-03-02,2026-03-01,0,0.23315557391445912,0.2331611121088278,0.23315458554454777
0022500882,2026-03-02,2026-03-01,0,0.4665139785029319,0.46651233404229375,0.4665086582741724
0022500883,2026-03-03,2026-03-01,1,0.8517092752989983,0.8516999834916202,0.8517015833577334
0022500884,2026-03-03,2026-03-01,1,0.46911668354553276,0.4691149453562336,0.46911131491061137
0022500885,2026-03-03,2026-03-01,1,0.742447296038914,0.7424379178080656,0.7424387017244147
0022500886,2026-03-03,2026-03-01,1,0.8127241488472189,0.8127144689890544,0.8127158910996222
0022500887,2026-03-03,2026-03-01,0,0.39426949943708434,0.3942704299335791,0.3942655609044884
0022500888,2026-03-03,2026-03-01,0,0.31954668849392975,0.3195500609059153,0.31954418378133365
0022500889,2026-03-03,2026-03-01,0,0.17138078527545011,0.17138713061007307,0.17138068236618229
0022500890,2026-03-03,2026-03-01,1,0.773861763463923,0.7738521128583862,0.7738532260188571
0022500891,2026-03-03,2026-03-01,1,0.6928835895235719,0.6928750085350305,0.6928751558822321
0022500892,2026-03-03,2026-03-01,0,0.27029946555745615,0.2703041894037555,0.2702978547501349
0022500893,2026-03-04,2026-03-01,0,0.5286513778411928,0.528647525226533,0.5286449506328695
0022500894,2026-03-04,2026-03-01,0,0.5908764773801988,0.5908705651829227,0.5908690893488551
0022500895,2026-03-04,2026-03-01,1,0.8088276650751479,0.8088179709105153,0.8088193675349113
0022500896,2026-03-04,2026-03-01,0,0.4296671552791618,0.42966683559973207,0.42966253286546624
0022500897,2026-03-04,2026-03-01,0,0.423413168714951,0.42341307229549957,0.42340866651236436
0022500898,2026-03-04,2026-03-01,1,0.8587232622510441,0.8587140925002976,0.8587157080150795
0022500899,2026-03-05,2026-03-01,1,0.7121905240020582,0.7121815845034715,0.7121819949877902
0022500900,2026-03-05,2026-03-01,0,0.5565983538761975,0.5565935491704204,0.5565914724767073
0022500901,2026-03-05,2026-03-01,1,0.8294634861619995,0.8294539161610379,0.8294554324409988
0022500902,2026-03-05,2026-03-01,0,0.7119851152241087,0.7119761792347463,0.7119765870154537
0022500903,2026-03-05,2026-03-01,1,0.6315939776625328,0.6315868676059447,0.631586077547677
0022500904,2026-03-05,2026-03-01,1,0.5833077724975178,0.5833020980380581,0.5833004909546876
0022500905,2026-03-05,2026-03-01,0,0.7525380375751745,0.7525285500806874,0.752529446722413
0022500906,2026-03-05,2026-03-01,1,0.5486392059684769,0.548634668570978,0.5486324505119858
0022500907,2026-03-05,2026-03-01,0,0.3609064399474089,0.3609085040556648,0.3609031474403846
0022500908,2026-03-06,2026-03-01,1,0.8652300767644255,0.8652210361356069,0.8652226612516313
0022500909,2026-03-06,2026-03-01,0,0.715705310349451,0.7156963118617942,0.7156967682737685
0022500910,2026-03-06,2026-03-01,1,0.6736323573894399,0.673624187781536,0.6736240559651652
0022500911,2026-03-06,2026-03-01,0,0.4125172360724664,0.41251752652663953,0.4125129440872864
0022500912,2026-03-06,2026-03-01,1,0.6425734467533284,0.6425660406512774,0.6425654281718494
0022500913,2026-03-06,2026-03-01,1,0.7537408412359092,0.7537313420443156,0.7537322516983276
0022500914,2026-03-06,2026-03-01,1,0.8419687518526788,0.8419593185625015,0.8419608879834994
0022500915,2026-03-07,2026-03-01,0,0.7027865600101605,0.70277778801168,0.7027780725633433
0022500916,2026-03-07,2026-03-01,0,0.9181012362920944,0.9180939155202078,0.918095415134589
0022500917,2026-03-07,2026-03-01,1,0.5715446865088445,0.5715393895216621,0.5715375767043949
0022500918,2026-03-07,2026-03-01,0,0.2836644476211099,0.28366883173369073,0.2836626007222474
0022500919,2026-03-07,2026-03-01,1,0.6814043211785344,0.6813959793685067,0.6813959621417524
0022500920,2026-03-07,2026-03-01,1,0.7997339918738082,0.7997242799709027,0.799725612142529
0022500921,2026-03-08,2026-03-08,0,0.5611983969735205,0.5611934296677163,0.5611909250464351
0022500922,2026-03-08,2026-03-08,1,0.3477593074009257,0.34776087400021294,0.3477553105091143
0022500923,2026-03-08,2026-03-08,1,0.4158033035579277,0.415802809542903,0.4157981031937709
0022500924,2026-03-08,2026-03-08,1,0.7578391952808666,0.757830410904495,0.7578305470080172
0022500925,2026-03-08,2026-03-08,1,0.730127283080268,0.7301187393672655,0.7301185813273816
0022500926,2026-03-08,2026-03-08,0,0.4113348385216019,0.41133448414932794,0.41132971604704904
0022500927,2026-03-08,2026-03-08,1,0.7320588457393942,0.7320502810898875,0.7320501447001924
0022500928,2026-03-08,2026-03-08,1,0.34916665625495447,0.3491681822033596,0.3491626343042853
0022500929,2026-03-08,2026-03-08,1,0.791869151049253,0.7918602655607008,0.7918607092438138
0022500930,2026-03-08,2026-03-08,1,0.4090493742471547,0.4090490911479069,0.40904429170675355
0022500931,2026-03-09,2026-03-08,1,0.7141338637244057,0.7141255156329178,0.7141251722117337
0022500932,2026-03-09,2026-03-08,1,0.4547888722905171,0.45478715026979505,0.4547830058033747
0022500933,2026-03-09,2026-03-08,1,0.7403301319322287,0.740321484476083,0.740321438909679
0022500934,2026-03-09,2026-03-08,1,0.30926575333989664,0.30926838343184443,0.30926243872571296
0022500935,2026-03-09,2026-03-08,1,0.4240156232939561,0.42401487176662767,0.42401028048825434
0022500936,2026-03-10,2026-03-08,1,0.7347037629307609,0.7346951705854613,0.7346950635737685
0022500937,2026-03-10,2026-03-08,0,0.17233828852383146,0.17234342441867026,0.17233719074002607
0022500938,2026-03-10,2026-03-08,1,0.8781536803858796,0.8781457960992428,0.8781466807700502
0022500939,2026-03-10,2026-03-08,1,0.8055073788259102,0.8054985211534349,0.8054990693626383
0022500940,2026-03-10,2026-03-08,1,0.6224309374362684,0.6224243505776769,0.6224227738142565
0022500941,2026-03-10,2026-03-08,0,0.36507231509045857,0.3650733744974306,0.36506800991920757
0022500942,2026-03-10,2026-03-08,1,0.6536788226537052,0.6536715291574019,0.6536703999834302
0022500943,2026-03-10,2026-03-08,0,0.6983894533821444,0.698381334552381,0.6983807986158846
0022500944,2026-03-10,2026-03-08,0,0.35518777209880964,0.3551891229303906,0.3551836429205746
0022500945,2026-03-10,2026-03-08,1,0.5955942163230457,0.595588305876685,0.5955863287955708
0022500946,2026-03-10,2026-03-08,1,0.5549204505243597,0.5549156630922859,0.554913061063193
0022500947,2026-03-11,2026-03-08,1,0.39912396082100243,0.3991239858979531,0.3991190523910286
0022500948,2026-03-11,2026-03-08,1,0.440239818080588,0.4402385554891497,0.44023419698305233
0022500949,2026-03-11,2026-03-08,0,0.16339750311076345,0.16340269600840907,0.16339652848550634
0022500950,2026-03-11,2026-03-08,1,0.46745401033695844,0.4674518887702817,0.46744793401168205
0022500951,2026-03-11,2026-03-08,0,0.16257665135729463,0.16258184859091365,0.1625756878474877
0022500952,2026-03-11,2026-03-08,1,0.6078268727768529,0.6078206468032641,0.6078188537236666
0022500953,2026-03-12,2026-03-08,1,0.7306102568504087,0.7306017078465314,0.7306015552355
0022500954,2026-03-12,2026-03-08,0,0.1842668290004672,0.18427186235458928,0.18426556126290777
0022500955,2026-03-12,2026-03-08,1,0.8658700310957397,0.8658618692738159,0.8658627265364253
0022500956,2026-03-12,2026-03-08,1,0.8299610672351193,0.8299523706190365,0.8299530761208197
0022500957,2026-03-12,2026-03-08,1,0.7978685676800963,0.7978596892695495,0.7978601803404747
0022500958,2026-03-12,2026-03-08,0,0.787069168317246,0.7870602828137566,0.7870606870376403
0022500959,2026-03-12,2026-03-08,1,0.6062503566479284,0.6062441706857573,0.6062423540265092
0022500960,2026-03-12,2026-03-08,1,0.8054625405744383,0.8054536827409757,0.8054542306254721
0022501111,2026-03-12,2026-03-08,0,0.5692733416256172,0.5692681462059997,0.5692657664791245
0022500961,2026-03-13,2026-03-08,1,0.8919810622442881,0.8919735568191297,0.8919744555701956
0022500962,2026-03-13,2026-03-08,0,0.11069813693897897,0.11070324912734242,0.1106977990210164
0022500963,2026-03-13,2026-03-08,1,0.45590373494148384,0.4559019777186779,0.4558978498342899
0022500964,2026-03-13,2026-03-08,1,0.6966829365016683,0.6966748445864732,0.6966742872237375
0022500965,2026-03-13,2026-03-08,0,0.19408108439807606,0.1940860122535703,0.19407967236154328
0022500966,2026-03-13,2026-03-08,0,0.4224199747795332,0.42241927336483187,0.42241465957415314
0022500967,2026-03-13,2026-03-08,1,0.7605277493887524,0.760518948828052,0.7605191114907008
0022500968,2026-03-13,2026-03-08,1,0.8301705501097135,0.8301618555348185,0.8301625622063882
0022500969,2026-03-14,2026-03-08,1,0.7814187554040247,0.7814098761352067,0.7814102321938963
0022500970,2026-03-14,2026-03-08,1,0.778321310442845,0.7783124373943959,0.778312766279866
0022500971,2026-03-14,2026-03-08,1,0.9215853590211673,0.9215789402974262,0.9215798017107041
0022500972,2026-03-14,2026-03-08,0,0.6009683894769066,0.600962338994795,0.6009604430381029
0022500973,2026-03-14,2026-03-08,1,0.6867800441966025,0.6867721160722837,0.6867714323289379
0022500974,2026-03-14,2026-03-08,1,0.5500509482027093,0.5500463017222549,0.5500436239926542
0022500975,2026-03-14,2026-03-08,0,0.8785696273729782,0.8785617534241281,0.8785626387842045
0022500976,2026-03-15,2026-03-15,1,0.7565008214984764,0.7564939032805228,0.7564948800894323
0022500977,2026-03-15,2026-03-15,0,0.874920194063873,0.874913687607932,0.8749151294849087
0022500978,2026-03-15,2026-03-15,1,0.33747239524684375,0.3374749060193593,0.3374708944452281
0022500979,2026-03-15,2026-03-15,1,0.7216826614093835,0.7216760975432915,0.7216767755147642
0022500980,2026-03-15,2026-03-15,1,0.5720645479915872,0.5720609240919516,0.5720598487014646
0022500981,2026-03-15,2026-03-15,1,0.8166692566759584,0.8166621779391865,0.8166635163743469
0022500982,2026-03-15,2026-03-15,1,0.598716873296233,0.5987126047445864,0.59871187867638
0022500983,2026-03-16,2026-03-15,1,0.5431282502611623,0.5431253625939451,0.5431238996603027
0022500984,2026-03-16,2026-03-15,0,0.3322125847857481,0.3322152174071129,0.33221115612164775
0022500985,2026-03-16,2026-03-15,0,0.31938352201648496,0.3193864441844534,0.31938226734134845
0022500986,2026-03-16,2026-03-15,1,0.7020116537642331,0.7020053589762028,0.7020058446205298
0022500987,2026-03-16,2026-03-15,1,0.6044276623468552,0.604423260699815,0.6044226081439636
0022500988,2026-03-16,2026-03-15,1,0.6557344976940158,0.655728999379931,0.6557289777660184
0022500989,2026-03-16,2026-03-15,0,0.5169064585075743,0.5169042619211445,0.5169024443969463
0022500990,2026-03-16,2026-03-15,0,0.31555522992600293,0.315558236264164,0.3155540265811811
0022500991,2026-03-17,2026-03-15,1,0.6097828210994084,0.609778296432897,0.6097777123069835
0022500992,2026-03-17,2026-03-15,0,0.33810335519653484,0.33810585123603626,0.33810184571251717
0022500993,2026-03-17,2026-03-15,0,0.11810791353054635,0.1181128375136866,0.11810862212449075
0022500994,2026-03-17,2026-03-15,1,0.9314383968951316,0.9314334561896536,0.9314346663505678
0022500995,2026-03-17,2026-03-15,0,0.25451812088942694,0.2545222997366775,0.25451768767159155
0022500996,2026-03-17,2026-03-15,1,0.5554381131079604,0.5554349082763342,0.555433610961044
0022500997,2026-03-17,2026-03-15,1,0.6474328025427969,0.6474274681512958,0.6474273486477099
0022500998,2026-03-17,2026-03-15,0,0.10592305675900988,0.10592784706300834,0.10592380449684882
0022500651,2026-03-18,2026-03-15,1,0.17988967534913491,0.17989468571072303,0.1798900000707288
0022500999,2026-03-18,2026-03-15,1,0.8273859153626653,0.8273788806053199,0.8273802586934688
0022501000,2026-03-18,2026-03-15,0,0.08925650802175349,0.08926103585196433,0.08925728459262573
0022501001,2026-03-18,2026-03-15,0,0.2154628180613389,0.21546753366798185,0.21546281323882308
0022501002,2026-03-18,2026-03-15,0,0.32744583438993263,0.3274485758975732,0.32744447071143684
0022501004,2026-03-18,2026-03-15,1,0.847027861408633,0.8470209747763953,0.8470224027194626
0022501005,2026-03-18,2026-03-15,1,0.40460883292275074,0.40460966440160034,0.4046063849327238
0022501006,2026-03-18,2026-03-15,0,0.24687374365374473,0.246878042713191,0.24687339896093038
0022501007,2026-03-18,2026-03-15,0,0.4642567374587502,0.4642559646841084,0.4642534411250508
0022501008,2026-03-19,2026-03-15,1,0.6753220033820364,0.6753161423258389,0.6753163438961514
0022501009,2026-03-19,2026-03-15,0,0.110024363201141,0.11002920364261613,0.11002509936457316
0022501010,2026-03-19,2026-03-15,0,0.45901290190965177,0.45901227175117015,0.4590096792313359
0022501011,2026-03-19,2026-03-15,0,0.21696206598969295,0.21696676478119561,0.21696204589907184
0022501012,2026-03-19,2026-03-15,1,0.4736980974704484,0.47369706785531146,0.4736946693013005
0022501013,2026-03-19,2026-03-15,1,0.8345006500908908,0.834493658531481,0.834495058203912
0022501014,2026-03-19,2026-03-15,1,0.4271405910440579,0.4271408231362601,0.42713782079373974
0022501015,2026-03-19,2026-03-15,0,0.3342964698148699,0.334299054370085,0.3342950126229252
0022501016,2026-03-20,2026-03-15,0,0.1239338274025832,0.12393879966560625,0.12393451240352558
0022501017,2026-03-20,2026-03-15,1,0.8183554484607515,0.8183483750161685,0.8183497202428034
0022501018,2026-03-20,2026-03-15,1,0.4624024663976744,0.4624017440615766,0.4623991960763918
0022501019,2026-03-20,2026-03-15,0,0.14246759126843897,0.1424726562950318,0.14246818215860826
0022501020,2026-03-20,2026-03-15,0,0.6411601110504027,0.6411549042632027,0.6411547096030293
0022501021,2026-03-20,2026-03-15,1,0.5796449205395507,0.579641109627022,0.5796401345138796
0022501022,2026-03-21,2026-03-15,0,0.06491405226122188,0.06491799802845091,0.0649148098969025
0022501023,2026-03-21,2026-03-15,1,0.8961967080095724,0.8961906486763836,0.8961920492976578
0022501024,2026-03-21,2026-03-15,0,0.3997451318530982,0.3997460910128387,0.39974275342089954
0022501025,2026-03-21,2026-03-15,0,0.3853370970389188,0.38533842998700596,0.3853349242568677
0022501026,2026-03-21,2026-03-15,1,0.7563821456016666,0.756375228300354,0.756376204190427
0022501027,2026-03-21,2026-03-15,1,0.5696523052424634,0.5696487414121011,0.5696476339808298
0022501028,2026-03-21,2026-03-15,1,0.9671756713702603,0.9671725519996068,0.9671733541570338
0022501029,2026-03-21,2026-03-15,0,0.30292971942874236,0.3029329954995753,0.3029286832240801
0022501030,2026-03-21,2026-03-15,0,0.27958286314403447,0.2795866028817563,0.2795821260725353
0022501031,2026-03-21,2026-03-15,0,0.7733553886236872,0.7733483623641849,0.7733494620720728
0022501032,2026-03-22,2026-03-22,1,0.6478070203312442,0.6478026095049675,0.6478024567790058
0022501033,2026-03-22,2026-03-22,1,0.6130406073726031,0.6130368184516479,0.6130363082273534
0022501034,2026-03-22,2026-03-22,1,0.9367142653528374,0.9367103366446103,0.9367112810440209
0022501035,2026-03-22,2026-03-22,0,0.7310478196409533,0.7310422901033289,0.7310428735147011
0022501036,2026-03-22,2026-03-22,1,0.49172695421547546,0.49172573695551103,0.4917238788176366
0022501037,2026-03-23,2026-03-22,1,0.853623545143614,0.8536178840660864,0.8536190395940033
0022501038,2026-03-23,2026-03-22,1,0.5538662980717795,0.5538637074535914,0.5538625494520316
0022501039,2026-03-23,2026-03-22,0,0.8879532662044486,0.88794807167716,0.8879492196735775
0022501040,2026-03-23,2026-03-22,0,0.26354895075530416,0.26355235030185503,0.2635484854048606
0022501041,2026-03-23,2026-03-22,0,0.25440745981970614,0.25441098558464437,0.25440708456904965
0022501042,2026-03-23,2026-03-22,1,0.25648204074476055,0.2564855385483725,0.2564816452527171
0022501043,2026-03-23,2026-03-22,0,0.2600903792804413,0.26009382748835636,0.2600899482917513
0022501044,2026-03-23,2026-03-22,0,0.44946334556893847,0.44946308585419914,0.44946076098538146
0022501045,2026-03-23,2026-03-22,1,0.8229160873118098,0.8229102298775038,0.8229113193317095
0022501046,2026-03-23,2026-03-22,1,0.7774149960552381,0.7774091529767518,0.7774100420361603
0022501047,2026-03-24,2026-03-22,1,0.8928298528158334,0.8928247494410414,0.8928258882951529
0022501048,2026-03-24,2026-03-22,1,0.7659467024010523,0.7659409116145025,0.7659417336688368
0022501049,2026-03-24,2026-03-22,1,0.7022394316029804,0.7022342191900129,0.7022345711836054
0022501050,2026-03-24,2026-03-22,0,0.4462584692118408,0.4462582819376382,0.44625592247095647
0022501051,2026-03-25,2026-03-22,0,0.6503102965225848,0.6503058438691333,0.6503057159688693
0022501052,2026-03-25,2026-03-22,0,0.10194551632342055,0.1019494861041446,0.10194612977322627
0022501053,2026-03-25,2026-03-22,1,0.7328117790728355,0.7328062329234476,0.7328068295551945
0022501054,2026-03-25,2026-03-22,1,0.40772514548923205,0.40772581901352656,0.4077230567694971
0022501055,2026-03-25,2026-03-22,0,0.6946616483393145,0.694656532737403,0.6946568193494288
0022501056,2026-03-25,2026-03-22,0,0.07449103541272666,0.07449455844376177,0.07449166463661001
0022501057,2026-03-25,2026-03-22,0,0.6369581856477969,0.6369539609205449,0.6369536990832078
0022501058,2026-03-25,2026-03-22,1,0.5970469055080582,0.5970434253992444,0.5970427439840663
0022501059,2026-03-25,2026-03-22,1,0.8620485419834975,0.862042969104997,0.8620441313837296
0022501060,2026-03-25,2026-03-22,1,0.7570782030312933,0.757072464588643,0.7570732307770321
0022501061,2026-03-25,2026-03-22,1,0.7546263503443694,0.7546206281324733,0.754621378276997
0022501062,2026-03-25,2026-03-22,1,0.579776862588467,0.5797737294179488,0.5797728594939551
0022501063,2026-03-26,2026-03-22,1,0.552908120451132,0.5529055503325769,0.5529043815890797
0022501064,2026-03-26,2026-03-22,1,0.7669169389135335,0.7669111430188337,0.766911970974612
0022501065,2026-03-26,2026-03-22,1,0.7846646436505581,0.7846587769256791,0.7846597051438233
0022501066,2026-03-27,2026-03-22,0,0.14772169776240746,0.14772595749089004,0.14772214583943322
0022501067,2026-03-27,2026-03-22,1,0.6517329894677687,0.6517285132346009,0.6517283993825683
0022501068,2026-03-27,2026-03-22,1,0.6079998683706928,0.6079961753809643,0.607995611597752
0022501069,2026-03-27,2026-03-22,0,0.24785665751866984,0.2478602688521838,0.24785634535751871
0022501070,2026-03-27,2026-03-22,1,0.9130003639628711,0.9129957147293806,0.9129967911454674
0022501071,2026-03-27,2026-03-22,1,0.6002474890501929,0.6002439461280329,0.600243299255004
0022501072,2026-03-27,2026-03-22,1,0.9053643972486908,0.9053595607077248,0.9053606656472941
0022501073,2026-03-27,2026-03-22,1,0.764208702679468,0.764202921352015,0.7642037327299364
0022501074,2026-03-27,2026-03-22,0,0.7974634045345781,0.7974575148976066,0.7974585058576481
0022501075,2026-03-27,2026-03-22,1,0.9232260543653965,0.9232216883631065,0.9232227163925792
0022501076,2026-03-28,2026-03-22,0,0.08282693480260245,0.08283061993304218,0.08282756723110685
0022501077,2026-03-28,2026-03-22,0,0.7619910377133345,0.7619852690260491,0.7619860665868837
0022501078,2026-03-28,2026-03-22,1,0.8569717873745996,0.8569661594465335,0.8569673182839029
0022501079,2026-03-28,2026-03-22,1,0.4637620348569231,0.4637614512274735,0.4637592823064505
0022501080,2026-03-28,2026-03-22,0,0.4274444141598656,0.4274446500309439,0.42744209058309585
0022501081,2026-03-28,2026-03-22,1,0.8508085295593024,0.8508028425051791,0.8508039946255639
0022501082,2026-03-29,2026-03-29,0,0.24552414663966798,0.24552892524786477,0.2455249366251349
0022501083,2026-03-29,2026-03-29,1,0.1471069660544545,0.14711230313070045,0.14710835635040806
0022501084,2026-03-29,2026-03-29,1,0.50500582751599,0.5050047438222257,0.5050034258210021
0022501085,2026-03-29,2026-03-29,0,0.4806628039604003,0.4806623630002602,0.48066072490730394
0022501086,2026-03-29,2026-03-29,1,0.585373756575596,0.5853706252458281,0.585370356291192
0022501087,2026-03-29,2026-03-29,1,0.8572889360376763,0.8572826856859961,0.8572845508775679
0022501088,2026-03-29,2026-03-29,0,0.33177867111390397,0.3317819203212947,0.331778540425666
0022501089,2026-03-29,2026-03-29,1,0.7068361673855159,0.7068305694511111,0.7068316709289177
0022501090,2026-03-29,2026-03-29,1,0.7624219620343231,0.7624157029445289,0.7624172512101675
0022501091,2026-03-30,2026-03-29,1,0.522915198282573,0.5229136450619616,0.5229125634969176
0022501092,2026-03-30,2026-03-29,1,0.367703633906798,0.36770607221431617,0.3677030563328415
0022501093,2026-03-30,2026-03-29,0,0.23448788192349615,0.23449279893564753,0.2344887681285885
0022501094,2026-03-30,2026-03-29,1,0.947644364442615,0.9476403865914845,0.9476416855781343
0022501095,2026-03-30,2026-03-29,0,0.22401561183736424,0.22402064523737752,0.22401658365118376
0022501096,2026-03-30,2026-03-29,0,0.10915476119368349,0.10915977439298914,0.10915617823781931
0022501097,2026-03-30,2026-03-29,1,0.6479444692199658,0.6479399313123042,0.6479404193096444
0022501098,2026-03-30,2026-03-29,1,0.9337920318231224,0.9337874817770102,0.9337889514317131
0022500652,2026-03-31,2026-03-29,1,0.5699195188222005,0.5699167659989537,0.5699162993272582
0022501099,2026-03-31,2026-03-29,1,0.46427444755489905,0.4642744394883856,0.4642725881183086
0022501100,2026-03-31,2026-03-29,0,0.11512581951845485,0.11513091036683261,0.11512724240359595
0022501101,2026-03-31,2026-03-29,1,0.7587913158493815,0.7587850876094016,0.7587866115370316
0022501102,2026-03-31,2026-03-29,1,0.4677337738144512,0.4677336744758767,0.4677318679168096
0022501103,2026-03-31,2026-03-29,1,0.5502372230425286,0.5502349650389058,0.5502342427224176
0022501104,2026-03-31,2026-03-29,0,0.6595784292518871,0.6595736581762093,0.6595742764815351
0022501003,2026-04-01,2026-03-29,0,0.14450247665909147,0.144507803427842,0.14450387329116815
0022501105,2026-04-01,2026-03-29,0,0.16574632238361797,0.1657516886984844,0.16574765043552528
0022501106,2026-04-01,2026-03-29,0,0.3136392450690376,0.3136428712250107,0.3136393285207318
0022501107,2026-04-01,2026-03-29,0,0.413066197284363,0.41306752021439597,0.4130650255856174
0022501108,2026-04-01,2026-03-29,0,0.8732994113240151,0.8732933573436433,0.8732952003673743
0022501109,2026-04-01,2026-03-29,0,0.7011601066077308,0.7011545966215509,0.701155644470745
0022501110,2026-04-01,2026-03-29,1,0.8554924473277072,0.8554861791799032,0.8554880452274081
0022501112,2026-04-01,2026-03-29,0,0.10939222710718352,0.10939724360521985,0.10939364446260184
0022501113,2026-04-01,2026-03-29,0,0.13548647490299306,0.13549175333179778,0.13548788867631284
0022501114,2026-04-02,2026-03-29,1,0.6854764814932589,0.6854712314781677,0.685472124546614
0022501115,2026-04-02,2026-03-29,1,0.7195956973898174,0.7195899144711073,0.7195911315358215
0022501116,2026-04-02,2026-03-29,1,0.7370371082641539,0.7370311029786408,0.7370324660981018
0022501117,2026-04-02,2026-03-29,0,0.294469967548702,0.29447396359103084,0.2944702668856297
0022501118,2026-04-02,2026-03-29,1,0.7112473562122751,0.7112416922958781,0.7112428345275763
0022501119,2026-04-02,2026-03-29,0,0.2220308157779567,0.22203586951581508,0.22203180316063478
0022501120,2026-04-03,2026-03-29,1,0.9297563234157329,0.9297516262541329,0.9297531383818004
0022501121,2026-04-03,2026-03-29,1,0.48242907513759004,0.48242858747993717,0.4824269725055345
0022501122,2026-04-03,2026-03-29,0,0.11796858091794729,0.11797370495167239,0.11797000516419477
0022501123,2026-04-03,2026-03-29,1,0.8958101663435499,0.8958045155283836,0.8958062787462442
0022501124,2026-04-03,2026-03-29,1,0.9234674845742716,0.9234625739619772,0.9234641463954041
0022501125,2026-04-03,2026-03-29,0,0.23573182917537897,0.23573673137609513,0.2357327048354445
0022501126,2026-04-03,2026-03-29,0,0.11822518259714188,0.11823030950933186,0.11822660692228477
0022501127,2026-04-03,2026-03-29,0,0.298152987766138,0.29815691519633875,0.29815324653227343
0022501128,2026-04-03,2026-03-29,1,0.3823172681943335,0.3823193564996628,0.3823165020480874
0022501129,2026-04-04,2026-03-29,1,0.8899586931874345,0.8899529220400392,0.8899547119206482
0022501130,2026-04-04,2026-03-29,1,0.2932419410099932,0.29324595965779093,0.2932422537733671
0022501131,2026-04-04,2026-03-29,0,0.31080106446048394,0.3108047473186662,0.3108011805894981
0022501132,2026-04-05,2026-04-05,1,0.7937720921399295,0.7937666210293375,0.793768344725854
0022501133,2026-04-05,2026-04-05,1,0.6065241846016233,0.6065212810161221,0.6065215127927205
0022501134,2026-04-05,2026-04-05,0,0.24424617240901705,0.24425062487144297,0.24424732172521582
0022501135,2026-04-05,2026-04-05,1,0.6369262076483524,0.6369226994711463,0.6369232506810094
0022501136,2026-04-05,2026-04-05,1,0.9254015316209872,0.9253973477732236,0.925398844136765
0022501137,2026-04-05,2026-04-05,0,0.4296604125765801,0.4296615063251585,0.4296597255922944
0022501138,2026-04-05,2026-04-05,0,0.39241240436843683,0.3924143210884758,0.3924121438575192
0022501139,2026-04-05,2026-04-05,1,0.9750971996318083,0.9750950795931649,0.9750958582747014
0022501140,2026-04-05,2026-04-05,1,0.13881096139165824,0.13881577651931915,0.13881252484505419
0022501141,2026-04-05,2026-04-05,0,0.207707359100875,0.20771212844349835,0.2077087303258571
0022501142,2026-04-05,2026-04-05,0,0.2973431199979597,0.2973468514169007,0.2973438398325758
0022501143,2026-04-06,2026-04-05,0,0.5271017254342335,0.5271005698426524,0.5270999042920123
0022501144,2026-04-06,2026-04-05,1,0.2397118105222494,0.23971631119448272,0.23971299103049834
0022501145,2026-04-06,2026-04-05,0,0.11669516134470355,0.11669978950360706,0.11669670442077107
0022501146,2026-04-06,2026-04-05,1,0.8672361388328071,0.8672308761296619,0.8672326809955468
0022501147,2026-04-06,2026-04-05,1,0.7142052152005521,0.7142004410338054,0.7142016940987111
0022501148,2026-04-07,2026-04-05,0,0.39590726698841977,0.39590910835406656,0.395906967103875
0022501149,2026-04-07,2026-04-05,1,0.6396762689267159,0.6396727085177436,0.6396732876436911
0022501150,2026-04-07,2026-04-05,1,0.41091011441607506,0.41091162757085997,0.4109096438378547
0022501151,2026-04-07,2026-04-05,1,0.5658935252278574,0.5658914927862689,0.565891273407869
0022501152,2026-04-07,2026-04-05,0,0.1655323128594538,0.16553721073435554,0.1655338428249456
0022501153,2026-04-07,2026-04-05,1,0.7620404511393452,0.7620351652279796,0.7620367398928503
0022501154,2026-04-07,2026-04-05,1,0.7609599882815559,0.7609547110338896,0.7609562796420669
0022501155,2026-04-07,2026-04-05,0,0.298017009938759,0.29802073056468453,0.2980177236512448
0022501156,2026-04-07,2026-04-05,1,0.8476732979885101,0.8476678767343525,0.8476697024171282
0022501157,2026-04-07,2026-04-05,0,0.4506160499256352,0.4506166657903123,0.45061511843704866
0022501158,2026-04-08,2026-04-05,1,0.5974477503705169,0.597445035886278,0.597445168932868
0022501159,2026-04-08,2026-04-05,1,0.49544406633131616,0.4954436433135604,0.49544261003345874
0022501160,2026-04-08,2026-04-05,1,0.9273537150338778,0.9273495872838077,0.9273510653029162
0022501161,2026-04-08,2026-04-05,1,0.8826429828283706,0.882637909035569,0.8826396713517923
0022501162,2026-04-08,2026-04-05,1,0.9310886340490497,0.9310846180899011,0.9310860592348139
0022501163,2026-04-08,2026-04-05,0,0.21738989474062803,0.21739459676456085,0.2173912140079892
0022501164,2026-04-08,2026-04-05,1,0.831740075562809,0.8317345848863213,0.8317364030096862
0022501165,2026-04-09,2026-04-05,1,0.6123036672568122,0.6123006451754053,0.6123009390797639
0022501166,2026-04-09,2026-04-05,0,0.3460056102098858,0.34600847771479787,0.3460058538331861
0022501167,2026-04-09,2026-04-05,0,0.5801078052428994,0.5801054612544164,0.5801054021991875
0022501168,2026-04-09,2026-04-05,1,0.43288466168093226,0.432885682449669,0.43288393722037494
0022501169,2026-04-09,2026-04-05,1,0.7013371289642939,0.7013325324651194,0.7013336823500191
0022501170,2026-04-09,2026-04-05,0,0.31246309939747235,0.31246658013469397,0.3124636784120769
0022501171,2026-04-10,2026-04-05,0,0.4758701174941574,0.47587014945022005,0.47586888995161125
0022501172,2026-04-10,2026-04-05,0,0.1431751471582998,0.14317998581741778,0.1431767092183267
0022501173,2026-04-10,2026-04-05,1,0.4935798796715367,0.4935794999866299,0.49357844508974097
0022501174,2026-04-10,2026-04-05,1,0.9116308221988842,0.9116262848356104,0.9116278937469663
0022501175,2026-04-10,2026-04-05,0,0.20623805981982432,0.20624283824594947,0.2062394384640861
0022501176,2026-04-10,2026-04-05,1,0.7167458715177226,0.716741064105368,0.7167423367795596
0022501177,2026-04-10,2026-04-05,0,0.26234264287594655,0.2623468804917263,0.2623436584827029
0022501178,2026-04-10,2026-04-05,0,0.6837577916922614,0.6837534613916275,0.6837544605727767
0022501179,2026-04-10,2026-04-05,1,0.6922963913481981,0.6922919285106355,0.6922930022335764
0022501180,2026-04-10,2026-04-05,1,0.9682340304388102,0.968231524113231,0.9682324415131686
0022501181,2026-04-10,2026-04-05,1,0.4974684094275017,0.497467939364141,0.4974669295698729
0022501182,2026-04-10,2026-04-05,1,0.3052857873128989,0.3052893892341595,0.3052864340605794
0022501183,2026-04-10,2026-04-05,1,0.5017439651977422,0.501743395818802,0.5017424356621711
0022501184,2026-04-10,2026-04-05,1,0.33235203177264266,0.332355157624548,0.3323524154048316
0022501185,2026-04-10,2026-04-05,1,0.6757142277346054,0.6757100275967214,0.6757109543633837
0022501186,2026-04-12,2026-04-12,1,0.7962635318438834,0.796259205716579,0.796261220062565
0022501187,2026-04-12,2026-04-12,1,0.9607263604703626,0.9607239793572644,0.9607251012272012
0022501188,2026-04-12,2026-04-12,0,0.06408288621003816,0.06408610632580979,0.0640844052505229
0022501189,2026-04-12,2026-04-12,1,0.3772248583603131,0.3772272959916737,0.37722591673470357
0022501190,2026-04-12,2026-04-12,0,0.6074590474485716,0.607457077867202,0.60745790130782
0022501191,2026-04-12,2026-04-12,1,0.8080523169677489,0.8080479518479737,0.80804998789618
0022501192,2026-04-12,2026-04-12,1,0.9017313083331021,0.9017274426312428,0.9017292610195351
0022501193,2026-04-12,2026-04-12,1,0.5331464135348132,0.533145860309993,0.533145975310284
0022501194,2026-04-12,2026-04-12,1,0.9350209706099413,0.9350177769922763,0.935019281117914
0022501195,2026-04-12,2026-04-12,1,0.7991082209914702,0.7991038838055233,0.7991059041872036
0022501196,2026-04-12,2026-04-12,0,0.877866782784152,0.8778626257228307,0.8778645784213358
0022501197,2026-04-12,2026-04-12,0,0.7628593809823027,0.7628552565414353,0.7628571651709557
0022501198,2026-04-12,2026-04-12,1,0.9354487091052833,0.9354455265862615,0.935447025500709
0022501199,2026-04-12,2026-04-12,1,0.7388108514855124,0.7388069451278519,0.7388087422216032
0022501200,2026-04-12,2026-04-12,1,0.8549584749838168,0.8549541557138768,0.8549561809973252
