game_id,game_date,origin,selected_architecture,home_win,p_constant,p_elo,p_rank,p_blend
0022500702,2026-02-01,2026-02-01,conservative,1,0.5528120713305898,0.7884965963065634,0.700896463027035,0.6648053173676906
0022500703,2026-02-01,2026-02-01,conservative,1,0.5528120713305898,0.7266299104546635,0.6514583207750011,0.6301717197803619
0022500704,2026-02-01,2026-02-01,conservative,1,0.5528120713305898,0.8555502934480781,0.8286580632153837,0.6832935426642299
0022500705,2026-02-01,2026-02-01,conservative,1,0.5528120713305898,0.6119593156760339,0.5782292931270604,0.5712755591037855
0022500706,2026-02-01,2026-02-01,conservative,1,0.5528120713305898,0.783818118838173,0.7312756058787145,0.6507270964154099
0022500707,2026-02-01,2026-02-01,conservative,1,0.5528120713305898,0.5641028403302728,0.5314438312829606,0.5536448156131
0022500708,2026-02-01,2026-02-01,conservative,1,0.5528120713305898,0.6161745718914562,0.5516850913319433,0.5819395126989011
0022500709,2026-02-01,2026-02-01,conservative,0,0.5528120713305898,0.6640652026823174,0.6468385144176615,0.5859294544214358
0022500710,2026-02-01,2026-02-01,conservative,0,0.5528120713305898,0.4337034009343885,0.4788226710561079,0.484582984297019
0022500711,2026-02-01,2026-02-01,conservative,0,0.5528120713305898,0.41466274757743354,0.4685371938145317,0.4750431767836719
0022500712,2026-02-02,2026-02-01,conservative,1,0.5528120713305898,0.791983126806395,0.6855907248128368,0.6725715847056267
0022500713,2026-02-02,2026-02-01,conservative,0,0.5528120713305898,0.2431233548780148,0.29904329822319503,0.4022340542859426
0022500714,2026-02-02,2026-02-01,conservative,1,0.5528120713305898,0.3060619339740281,0.37804092558220104,0.4264923719909205
0022500715,2026-02-02,2026-02-01,conservative,0,0.5528120713305898,0.5777843646471471,0.5216092694628486,0.5654559953609006
0022500716,2026-02-03,2026-02-01,conservative,1,0.5528120713305898,0.660581825848838,0.6202602456425977,0.5917409113776255
0022500717,2026-02-03,2026-02-01,conservative,0,0.5528120713305898,0.587535984621047,0.5234191849792517,0.5712993975893136
0022500718,2026-02-03,2026-02-01,conservative,0,0.5528120713305898,0.24962902413177857,0.29282558002497017,0.40985076427435474
0022500719,2026-02-03,2026-02-01,conservative,0,0.5528120713305898,0.34180482859533884,0.3039143202399347,0.477048348303286
0022500720,2026-02-03,2026-02-01,conservative,0,0.5528120713305898,0.6012237582929414,0.5944665010227207,0.5592161357553277
0022500721,2026-02-03,2026-02-01,conservative,0,0.5528120713305898,0.32628476938989365,0.37401892200609693,0.44263692345426126
0022500722,2026-02-03,2026-02-01,conservative,1,0.5528120713305898,0.50224008711351,0.4842273119662893,0.5275907831764995
0022500723,2026-02-03,2026-02-01,conservative,1,0.5528120713305898,0.8113340200757088,0.7221649051482913,0.6784020161609737
0022500724,2026-02-03,2026-02-01,conservative,0,0.5528120713305898,0.5522187407890269,0.547349801520463,0.5411887304450901
0022500725,2026-02-03,2026-02-01,conservative,0,0.5528120713305898,0.3926547572347074,0.4531356033215316,0.46488502371170637
0022500726,2026-02-04,2026-02-01,conservative,1,0.5528120713305898,0.5924052678319758,0.5531865529487685,0.5657484879892491
0022500727,2026-02-04,2026-02-01,conservative,0,0.5528120713305898,0.48452834279214263,0.5338495573192937,0.5013519984816055
0022500728,2026-02-04,2026-02-01,conservative,0,0.5528120713305898,0.5419687979593287,0.5514082182257981,0.5333131942381976
0022500729,2026-02-04,2026-02-01,conservative,1,0.5528120713305898,0.6445043675238037,0.6436523543003905,0.5732873725834179
0022500730,2026-02-04,2026-02-01,conservative,1,0.5528120713305898,0.44836673564408264,0.4684535603959732,0.497307352461873
0022500731,2026-02-04,2026-02-01,conservative,0,0.5528120713305898,0.4185571436641237,0.45400889817417417,0.48197684203796115
0022500732,2026-02-04,2026-02-01,conservative,0,0.5528120713305898,0.49368533201477277,0.4660346342658346,0.527479379338632
0022500733,2026-02-05,2026-02-01,conservative,0,0.5528120713305898,0.8850330290983005,0.8366269126246798,0.7153988065536787
0022500734,2026-02-05,2026-02-01,conservative,1,0.5528120713305898,0.7180964185909283,0.7197032670816663,0.6012929090626006
0022500735,2026-02-05,2026-02-01,conservative,1,0.5528120713305898,0.7512854301147402,0.6729200193715549,0.6427290946526075
0022500736,2026-02-05,2026-02-01,conservative,1,0.5528120713305898,0.6745188508948623,0.6229966826411363,0.6007015745619423
0022500737,2026-02-05,2026-02-01,conservative,0,0.5528120713305898,0.6011404361433049,0.6630604518130133,0.537449707501319
0022500738,2026-02-05,2026-02-01,conservative,0,0.5528120713305898,0.29390489879462645,0.32049677441012914,0.43581160839791644
0022500739,2026-02-05,2026-02-01,conservative,0,0.5528120713305898,0.644284952897781,0.6043661200371706,0.5852931150252589
0022500740,2026-02-05,2026-02-01,conservative,1,0.5528120713305898,0.5028445874067207,0.5832214727805312,0.49830457798156996
0022500741,2026-02-06,2026-02-01,conservative,1,0.5528120713305898,0.7353673166557777,0.6273956915496984,0.6440116643276517
0022500742,2026-02-06,2026-02-01,conservative,1,0.5528120713305898,0.6041541781103145,0.6008781495092216,0.5592135034394479
0022500743,2026-02-06,2026-02-01,conservative,1,0.5528120713305898,0.6747146380358935,0.6508401566249409,0.5922099074638176
0022500744,2026-02-06,2026-02-01,conservative,0,0.5528120713305898,0.8272518729195041,0.7771197374792066,0.6745144392483483
0022500745,2026-02-06,2026-02-01,conservative,1,0.5528120713305898,0.5963855572267818,0.5891543010261847,0.5576134713092595
0022500746,2026-02-06,2026-02-01,conservative,0,0.5528120713305898,0.29195579272788846,0.3786869956840108,0.4156645216223805
0022500747,2026-02-07,2026-02-01,conservative,1,0.5528120713305898,0.5471760209731142,0.5175704448575151,0.5467519000798758
0022500748,2026-02-07,2026-02-01,conservative,0,0.5528120713305898,0.7040852012290729,0.653572722097807,0.6126406717766958
0022500749,2026-02-07,2026-02-01,conservative,1,0.5528120713305898,0.8112379389628136,0.7611217722102384,0.6649458044780285
0022500750,2026-02-07,2026-02-01,conservative,1,0.5528120713305898,0.7301145467828961,0.6917865970782359,0.6200765839029616
0022500751,2026-02-07,2026-02-01,conservative,0,0.5528120713305898,0.4589937766038615,0.5611316518431837,0.4765732063108104
0022500752,2026-02-07,2026-02-01,conservative,0,0.5528120713305898,0.384837003100057,0.4207873919850181,0.46932712738198223
0022500753,2026-02-07,2026-02-01,conservative,1,0.5528120713305898,0.5533940504820025,0.6008271459443594,0.525733943809747
0022500754,2026-02-07,2026-02-01,conservative,0,0.5528120713305898,0.588779827319939,0.5708545580217164,0.5580968224858921
0022500755,2026-02-07,2026-02-01,conservative,1,0.5528120713305898,0.6267529045874145,0.6062935929363903,0.5727552196306305
0022500756,2026-02-07,2026-02-01,conservative,0,0.5528120713305898,0.20152434369089856,0.28135982012326055,0.3712577519185689
0022500757,2026-02-08,2026-02-08,lower_bt_shrinkage,0,0.5497448979591837,0.6437320788484526,0.5395165530558795,0.619184367410527
0022500758,2026-02-08,2026-02-08,lower_bt_shrinkage,0,0.5497448979591837,0.34949801004828296,0.34326888420667917,0.4663404436656268
0022500759,2026-02-08,2026-02-08,lower_bt_shrinkage,1,0.5497448979591837,0.7883113173976282,0.7725617247884938,0.6393814258462578
0022500760,2026-02-08,2026-02-08,lower_bt_shrinkage,0,0.5497448979591837,0.6132429402521007,0.6211305687605169,0.5531767938024091
0022500761,2026-02-09,2026-02-08,lower_bt_shrinkage,0,0.5497448979591837,0.5171388727846725,0.36161149591247627,0.5992935513688937
0022500762,2026-02-09,2026-02-08,lower_bt_shrinkage,1,0.5497448979591837,0.46907477395516484,0.40632131656815884,0.5373525142414861
0022500763,2026-02-09,2026-02-08,lower_bt_shrinkage,0,0.5497448979591837,0.7640155125608511,0.7111935808994869,0.648436317263831
0022500764,2026-02-09,2026-02-08,lower_bt_shrinkage,1,0.5497448979591837,0.6186349471257307,0.6208302971122254,0.5580330594679433
0022500765,2026-02-09,2026-02-08,lower_bt_shrinkage,1,0.5497448979591837,0.6272835021536413,0.5846451700593742,0.583582654882287
0022500766,2026-02-09,2026-02-08,lower_bt_shrinkage,1,0.5497448979591837,0.649544730848359,0.5769741816318704,0.6066923232704706
0022500767,2026-02-09,2026-02-08,lower_bt_shrinkage,0,0.5497448979591837,0.47830382561737816,0.5451795709262688,0.47702749404101863
0022500768,2026-02-09,2026-02-08,lower_bt_shrinkage,1,0.5497448979591837,0.7142374895479796,0.6532375149434896,0.6286034731800754
0022500769,2026-02-09,2026-02-08,lower_bt_shrinkage,0,0.5497448979591837,0.39299348032963716,0.4577610507813205,0.4471554943678278
0022500770,2026-02-09,2026-02-08,lower_bt_shrinkage,1,0.5497448979591837,0.4109297208817089,0.4703555175489036,0.45649953326230747
0022500771,2026-02-10,2026-02-08,lower_bt_shrinkage,0,0.5497448979591837,0.854028596590276,0.8182260037657927,0.6928064282414181
0022500772,2026-02-10,2026-02-08,lower_bt_shrinkage,1,0.5497448979591837,0.606726511220397,0.636830303150585,0.5393927428961426
0022500773,2026-02-10,2026-02-08,lower_bt_shrinkage,1,0.5497448979591837,0.7450468439773362,0.7029360513034717,0.6331949583309638
0022500774,2026-02-10,2026-02-08,lower_bt_shrinkage,0,0.5497448979591837,0.4004022445404578,0.4761003057815552,0.44469171404124014
0022500775,2026-02-11,2026-02-08,lower_bt_shrinkage,1,0.5497448979591837,0.6999076230966592,0.5346537380803824,0.6701604150571235
0022500776,2026-02-11,2026-02-08,lower_bt_shrinkage,1,0.5497448979591837,0.8663488588302478,0.7942401312485138,0.7258537409466554
0022500777,2026-02-11,2026-02-08,lower_bt_shrinkage,0,0.5497448979591837,0.648827800584743,0.6362091725815318,0.5768580633963385
0022500778,2026-02-11,2026-02-08,lower_bt_shrinkage,1,0.5497448979591837,0.8121235478505487,0.700958726183959,0.7063467634195526
0022500779,2026-02-11,2026-02-08,lower_bt_shrinkage,0,0.5497448979591837,0.5809143433484085,0.5493928568311932,0.5609968669422372
0022500780,2026-02-11,2026-02-08,lower_bt_shrinkage,0,0.5497448979591837,0.5196158714216657,0.4785640738280305,0.543908619790142
0022500781,2026-02-11,2026-02-08,lower_bt_shrinkage,0,0.5497448979591837,0.4015968871973864,0.4292234991494523,0.46856958541121785
0022500782,2026-02-11,2026-02-08,lower_bt_shrinkage,0,0.5497448979591837,0.6287700415259053,0.6423075381461348,0.5558577833046588
0022500783,2026-02-11,2026-02-08,lower_bt_shrinkage,1,0.5497448979591837,0.645083822091262,0.605028866360821,0.5891930630091423
0022500784,2026-02-11,2026-02-08,lower_bt_shrinkage,0,0.5497448979591837,0.41033676675155006,0.35449269455491855,0.5143178693050007
0022500785,2026-02-11,2026-02-08,lower_bt_shrinkage,0,0.5497448979591837,0.4183661819647324,0.42008959386195793,0.4875611923943681
0022500786,2026-02-11,2026-02-08,lower_bt_shrinkage,1,0.5497448979591837,0.6358716346435417,0.6205530744662843,0.5733104774975089
0022500787,2026-02-11,2026-02-08,lower_bt_shrinkage,1,0.5497448979591837,0.7406601299708876,0.7194770592179404,0.6195355895559271
0022500788,2026-02-11,2026-02-08,lower_bt_shrinkage,0,0.5497448979591837,0.3745643802122919,0.38990384141825646,0.464582299911177
0022500789,2026-02-12,2026-02-08,lower_bt_shrinkage,0,0.5497448979591837,0.8391456517112048,0.7681213586608246,0.7040371505712533
0022500790,2026-02-12,2026-02-08,lower_bt_shrinkage,0,0.5497448979591837,0.3952084157579008,0.4379454096177217,0.45873493796434955
0022500791,2026-02-12,2026-02-08,lower_bt_shrinkage,1,0.5497448979591837,0.6941701610606423,0.7242305919978704,0.5705507574451031
0022500792,2026-02-19,2026-02-15,conservative,0,0.5457875457875457,0.5373678471077078,0.4138499009381968,0.5548191366783003
0022500793,2026-02-19,2026-02-15,conservative,1,0.5457875457875457,0.8490242185036986,0.7778640405634346,0.7041289380539916
0022500794,2026-02-19,2026-02-15,conservative,0,0.5457875457875457,0.6318871332787397,0.5819536536179607,0.5763874097198413
0022500795,2026-02-19,2026-02-15,conservative,1,0.5457875457875457,0.5055974314300238,0.514035479415525,0.5077815021620955
0022500796,2026-02-19,2026-02-15,conservative,0,0.5457875457875457,0.47366881450362475,0.44647350262359525,0.5037353273309664
0022500797,2026-02-19,2026-02-15,conservative,0,0.5457875457875457,0.3715022995839341,0.40124119626249594,0.4453787277746624
0022500798,2026-02-19,2026-02-15,conservative,1,0.5457875457875457,0.6943904731809644,0.6316476503860539,0.6088552147805812
0022500799,2026-02-19,2026-02-15,conservative,0,0.5457875457875457,0.4016697289458394,0.4314589635905321,0.4586124653347576
0022500800,2026-02-19,2026-02-15,conservative,0,0.5457875457875457,0.28330980823806257,0.2886432346023825,0.4108456766758324
0022500801,2026-02-19,2026-02-15,conservative,1,0.5457875457875457,0.513531090866667,0.41867802495975337,0.537669124532256
0022500802,2026-02-20,2026-02-15,conservative,0,0.5457875457875457,0.4805918331149572,0.3926945575338206,0.5225420044266533
0022500803,2026-02-20,2026-02-15,conservative,1,0.5457875457875457,0.532152475999492,0.5259145683258579,0.5225496632376785
0022500804,2026-02-20,2026-02-15,conservative,1,0.5457875457875457,0.6234670928743642,0.5627546207250538,0.5754000209583002
0022500805,2026-02-20,2026-02-15,conservative,0,0.5457875457875457,0.5299093440228521,0.4931437887427703,0.5294296183898016
0022500806,2026-02-20,2026-02-15,conservative,1,0.5457875457875457,0.7684819327067358,0.7122442112554129,0.6462338310260175
0022500807,2026-02-20,2026-02-15,conservative,0,0.5457875457875457,0.41489004288677195,0.3900876281320501,0.4786672088802496
0022500808,2026-02-20,2026-02-15,conservative,1,0.5457875457875457,0.8906887141604056,0.8379823968268922,0.7341259869048211
0022500809,2026-02-20,2026-02-15,conservative,1,0.5457875457875457,0.5277579659683161,0.6087762092456442,0.4979154533633833
0022500810,2026-02-20,2026-02-15,conservative,0,0.5457875457875457,0.44747107071081643,0.4233365537129106,0.49209325092661593
0022500811,2026-02-21,2026-02-15,conservative,1,0.5457875457875457,0.6374465026688437,0.5543960503576828,0.5873067294852746
0022500812,2026-02-21,2026-02-15,conservative,1,0.5457875457875457,0.3144180093201827,0.30972028661846607,0.4288239220349476
0022500813,2026-02-21,2026-02-15,conservative,1,0.5457875457875457,0.7014515919601101,0.6506770978782459,0.6091517744739741
0022500814,2026-02-21,2026-02-15,conservative,0,0.5457875457875457,0.19112862111909742,0.2650717545122733,0.33731555420264303
0022500815,2026-02-21,2026-02-15,conservative,1,0.5457875457875457,0.9283288307768327,0.8553408125400458,0.7845029252391297
0022500816,2026-02-21,2026-02-15,conservative,1,0.5457875457875457,0.5458449514331073,0.5266650600540513,0.5315669649808743
0022500817,2026-02-22,2026-02-22,conservative,1,0.5462085308056872,0.6199400210331826,0.597365003915656,0.5668943585529155
0022500818,2026-02-22,2026-02-22,conservative,1,0.5462085308056872,0.7317736925011764,0.7039823171597157,0.6250251595653775
0022500819,2026-02-22,2026-02-22,conservative,0,0.5462085308056872,0.46023686506147893,0.4080077024513407,0.5005989200260763
0022500820,2026-02-22,2026-02-22,conservative,1,0.5462085308056872,0.4480606561263987,0.4201151762913294,0.48956080256173506
0022500821,2026-02-22,2026-02-22,conservative,0,0.5462085308056872,0.4481486064649659,0.46931114935654183,0.47857176063456264
0022500822,2026-02-22,2026-02-22,conservative,0,0.5462085308056872,0.24432222783189145,0.37353750390150514,0.350094485120767
0022500823,2026-02-22,2026-02-22,conservative,0,0.5462085308056872,0.3976630065154869,0.5031832774386993,0.43651300207550425
0022500824,2026-02-22,2026-02-22,conservative,0,0.5462085308056872,0.6601836993757175,0.5975431208180823,0.5955062834740975
0022500825,2026-02-22,2026-02-22,conservative,0,0.5462085308056872,0.25266772629331974,0.3162165426783091,0.370020147609112
0022500826,2026-02-22,2026-02-22,conservative,0,0.5462085308056872,0.6694031150131163,0.6141240705914094,0.5985037113868429
0022500827,2026-02-22,2026-02-22,conservative,0,0.5462085308056872,0.6263374612942803,0.5009397427390927,0.5924831653535791
0022500828,2026-02-23,2026-02-22,conservative,0,0.5462085308056872,0.5499369267437709,0.5497352613396826,0.5294319226217139
0022500829,2026-02-23,2026-02-22,conservative,0,0.5462085308056872,0.734463554743347,0.6626601996382602,0.6370560712955702
0022500830,2026-02-23,2026-02-22,conservative,1,0.5462085308056872,0.8437908076248366,0.748695465786473,0.7152483129271171
0022500831,2026-02-24,2026-02-22,conservative,0,0.5462085308056872,0.2648035739658586,0.28680428802496716,0.3873421899365524
0022500832,2026-02-24,2026-02-22,conservative,1,0.5462085308056872,0.7503797136045294,0.6916303477937731,0.6431962977624963
0022500833,2026-02-24,2026-02-22,conservative,0,0.5462085308056872,0.4436767130238416,0.452888268301611,0.47918949918318665
0022500834,2026-02-24,2026-02-22,conservative,0,0.5462085308056872,0.35599497467040214,0.391767736321486,0.43180214600483735
0022500835,2026-02-24,2026-02-22,conservative,1,0.5462085308056872,0.5727001447536479,0.5150352279433738,0.5525750891338607
0022500836,2026-02-24,2026-02-22,conservative,0,0.5462085308056872,0.27856775249158794,0.4435305986457532,0.36275348934342416
0022500837,2026-02-24,2026-02-22,conservative,1,0.5462085308056872,0.437298643431071,0.4225164145059146,0.4816756178410473
0022500838,2026-02-24,2026-02-22,conservative,1,0.5462085308056872,0.3270788144305415,0.3264259605802869,0.4260423618886828
0022500839,2026-02-24,2026-02-22,conservative,0,0.5462085308056872,0.3853622199211343,0.43556548179509175,0.442808315548585
0022500840,2026-02-24,2026-02-22,conservative,0,0.5462085308056872,0.59247586012501,0.5738896477892592,0.5530858585169643
0022500841,2026-02-24,2026-02-22,conservative,0,0.5462085308056872,0.44687192222909566,0.4275481555041225,0.4870640702643732
0022500842,2026-02-25,2026-02-22,conservative,1,0.5462085308056872,0.5126376170208777,0.509081592843748,0.513286283144181
0022500843,2026-02-25,2026-02-22,conservative,0,0.5462085308056872,0.32819165158597,0.3841690719519682,0.4132267923286954
0022500844,2026-02-25,2026-02-22,conservative,0,0.5462085308056872,0.36433583746472986,0.38825131827938214,0.4386006727221857
0022500845,2026-02-25,2026-02-22,conservative,1,0.5462085308056872,0.8881395730137152,0.812219112342859,0.749831772958717
0022500846,2026-02-25,2026-02-22,conservative,1,0.5462085308056872,0.3190796671365864,0.3476885824230753,0.4148933704869755
0022500847,2026-02-25,2026-02-22,conservative,1,0.5462085308056872,0.4116872479229837,0.46905562537584844,0.45368591136612424
0022500848,2026-02-26,2026-02-22,conservative,0,0.5462085308056872,0.1958740114361527,0.32686458665577156,0.31782546010094503
0022500849,2026-02-26,2026-02-22,conservative,1,0.5462085308056872,0.5723091189993018,0.5243169194979641,0.5502679861736751
0022500850,2026-02-26,2026-02-22,conservative,1,0.5462085308056872,0.767040873823314,0.7017102512772674,0.6547530578123205
0022500851,2026-02-26,2026-02-22,conservative,0,0.5462085308056872,0.11391484403173963,0.15953437625026456,0.27173974930567085
0022500852,2026-02-26,2026-02-22,conservative,0,0.5462085308056872,0.39273879062180883,0.45592063684457457,0.4434547068470916
0022500853,2026-02-26,2026-02-22,conservative,0,0.5462085308056872,0.37637767576843434,0.42893612919862417,0.43796083067676456
0022500854,2026-02-26,2026-02-22,conservative,0,0.5462085308056872,0.7339671269264963,0.6349607692971753,0.6428786279869769
0022500855,2026-02-26,2026-02-22,conservative,1,0.5462085308056872,0.5657384049049495,0.48218419134900037,0.5550571281450346
0022500856,2026-02-26,2026-02-22,conservative,0,0.5462085308056872,0.4893802592262355,0.5408752420645574,0.4905481010886093
0022500857,2026-02-26,2026-02-22,conservative,0,0.5462085308056872,0.4960667528303009,0.41809628192847575,0.5224650537456776
0022500858,2026-02-27,2026-02-22,conservative,1,0.5462085308056872,0.6265135692324871,0.6154230147924398,0.5674016054852277
0022500859,2026-02-27,2026-02-22,conservative,1,0.5462085308056872,0.8969585939030777,0.8181388816742248,0.759686908468799
0022500860,2026-02-27,2026-02-22,conservative,0,0.5462085308056872,0.3778613783024914,0.371413280216735,0.45216114571413357
0022500861,2026-02-27,2026-02-22,conservative,0,0.5462085308056872,0.5856245334502149,0.5034250213582562,0.5639250896967969
0022500862,2026-02-27,2026-02-22,conservative,1,0.5462085308056872,0.6879122278905737,0.6173338963903415,0.6114477014663469
0022500863,2026-02-28,2026-02-22,conservative,1,0.5462085308056872,0.685220310590505,0.5127410914633523,0.6317617036008463
0022500864,2026-02-28,2026-02-22,conservative,1,0.5462085308056872,0.4071145760738689,0.4291552102086124,0.45940888028402316
0022500865,2026-02-28,2026-02-22,conservative,0,0.5462085308056872,0.2459600799791086,0.2581357410342886,0.37915135713974857
0022500866,2026-02-28,2026-02-22,conservative,0,0.5462085308056872,0.574475531713084,0.44928906357272186,0.5681928637373279
0022500867,2026-02-28,2026-02-22,conservative,0,0.5462085308056872,0.45205841310884404,0.5210828287783758,0.4697567293043782
0022500868,2026-03-01,2026-03-01,conservative,1,0.5374301675977654,0.39592899180450697,0.4001414108114055,0.4426379791943501
0022500869,2026-03-01,2026-03-01,conservative,0,0.5374301675977654,0.15359491595572955,0.19249420766098826,0.28561176420908074
0022500870,2026-03-01,2026-03-01,conservative,1,0.5374301675977654,0.38250264819379637,0.4185693086587707,0.42931065040589417
0022500871,2026-03-01,2026-03-01,conservative,0,0.5374301675977654,0.546587649191953,0.5247601661171992,0.5230040285251663
0022500872,2026-03-01,2026-03-01,conservative,0,0.5374301675977654,0.407407398185918,0.39488944827960476,0.45189037185210984
0022500873,2026-03-01,2026-03-01,conservative,1,0.5374301675977654,0.560840728581406,0.5171497993888743,0.5344636552189961
0022500874,2026-03-01,2026-03-01,conservative,1,0.5374301675977654,0.6971272154247419,0.613285372305035,0.6150552096059746
0022500875,2026-03-01,2026-03-01,conservative,0,0.5374301675977654,0.2653831850771979,0.3124165332825043,0.3618625229840464
0022500876,2026-03-01,2026-03-01,conservative,0,0.5374301675977654,0.15258465733323104,0.17583683315532084,0.2889964485503488
0022500877,2026-03-01,2026-03-01,conservative,1,0.5374301675977654,0.7100102464671763,0.6351664458840184,0.620805821231705
0022500878,2026-03-01,2026-03-01,conservative,1,0.5374301675977654,0.8337798799443715,0.8022748182694173,0.6947917972997907
0022500879,2026-03-02,2026-03-01,conservative,0,0.5374301675977654,0.16709019824566515,0.20959997412371392,0.295592940359096
0022500880,2026-03-02,2026-03-01,conservative,0,0.5374301675977654,0.2420809920017592,0.31227173926060353,0.34243442573326127
0022500881,2026-03-02,2026-03-01,conservative,0,0.5374301675977654,0.20245421398874183,0.25720969795980014,0.3190698841775005
0022500882,2026-03-02,2026-03-01,conservative,0,0.5374301675977654,0.5111621155188804,0.5325562747055612,0.4968375326049404
0022500883,2026-03-03,2026-03-01,conservative,1,0.5374301675977654,0.824348940722709,0.6648406457180174,0.714628469024707
0022500884,2026-03-03,2026-03-01,conservative,1,0.5374301675977654,0.4398870227985361,0.3790119359260906,0.478112506860669
0022500885,2026-03-03,2026-03-01,conservative,1,0.5374301675977654,0.7780762932883376,0.7497464374774118,0.6534932682768338
0022500886,2026-03-03,2026-03-01,conservative,1,0.5374301675977654,0.8180656759747832,0.7627831650050821,0.6884379080613621
0022500887,2026-03-03,2026-03-01,conservative,0,0.5374301675977654,0.41810043450251727,0.44072921113164537,0.4502270096668503
0022500888,2026-03-03,2026-03-01,conservative,0,0.5374301675977654,0.31865133594086903,0.32607795122260275,0.40111291705215
0022500889,2026-03-03,2026-03-01,conservative,0,0.5374301675977654,0.14162550408931027,0.1959699250136973,0.27148061133033086
0022500890,2026-03-03,2026-03-01,conservative,1,0.5374301675977654,0.7865365186287958,0.7035900543704015,0.6714772273252755
0022500891,2026-03-03,2026-03-01,conservative,1,0.5374301675977654,0.7393459184842852,0.7536101407875857,0.6185772735714208
0022500892,2026-03-03,2026-03-01,conservative,0,0.5374301675977654,0.21241107733281156,0.23268875682378434,0.33406500647899406
0022500893,2026-03-04,2026-03-01,conservative,0,0.5374301675977654,0.4497548021706548,0.4114316140468633,0.47832720198167444
0022500894,2026-03-04,2026-03-01,conservative,0,0.5374301675977654,0.6394165637898679,0.660203152879652,0.5616264155873856
0022500895,2026-03-04,2026-03-01,conservative,1,0.5374301675977654,0.8139110881522283,0.698585362638315,0.6981245585173503
0022500896,2026-03-04,2026-03-01,conservative,0,0.5374301675977654,0.43682291953829966,0.40840464662253,0.46989163416953955
0022500897,2026-03-04,2026-03-01,conservative,0,0.5374301675977654,0.42841632067240426,0.433897568605798,0.45884690605619877
0022500898,2026-03-04,2026-03-01,conservative,1,0.5374301675977654,0.8495191906548067,0.7275240768416267,0.728538829156083
0022500899,2026-03-05,2026-03-01,conservative,1,0.5374301675977654,0.7083693671417104,0.7089438081058308,0.6037398737064409
0022500900,2026-03-05,2026-03-01,conservative,0,0.5374301675977654,0.5273136122640409,0.4523024085190204,0.523929806663438
0022500901,2026-03-05,2026-03-01,conservative,1,0.5374301675977654,0.8294546345312163,0.7743655279612419,0.6972672147829387
0022500902,2026-03-05,2026-03-01,conservative,0,0.5374301675977654,0.6980821993492055,0.6282193674937955,0.6128260563899529
0022500903,2026-03-05,2026-03-01,conservative,1,0.5374301675977654,0.6384713150572474,0.5366419064237093,0.5859389435382742
0022500904,2026-03-05,2026-03-01,conservative,1,0.5374301675977654,0.5727252723578365,0.5105788484999396,0.544087556721246
0022500905,2026-03-05,2026-03-01,conservative,0,0.5374301675977654,0.7724949285745931,0.663675539525827,0.66702824441772
0022500906,2026-03-05,2026-03-01,conservative,1,0.5374301675977654,0.5857114996350978,0.5091149288857575,0.5535155998325344
0022500907,2026-03-05,2026-03-01,conservative,0,0.5374301675977654,0.3838361847063864,0.41732028847378566,0.4305174805133012
0022500908,2026-03-06,2026-03-01,conservative,1,0.5374301675977654,0.8698566649351217,0.791568193305233,0.7378000867726833
0022500909,2026-03-06,2026-03-01,conservative,0,0.5374301675977654,0.6736743043256206,0.4733456974688322,0.62374778214498
0022500910,2026-03-06,2026-03-01,conservative,1,0.5374301675977654,0.7038667285402476,0.6244042707107712,0.6181137693976368
0022500911,2026-03-06,2026-03-01,conservative,0,0.5374301675977654,0.460532789135894,0.48788171396399305,0.47057671370857346
0022500912,2026-03-06,2026-03-01,conservative,1,0.5374301675977654,0.727784663701056,0.70434715425021,0.6205591594426967
0022500913,2026-03-06,2026-03-01,conservative,1,0.5374301675977654,0.7660133547987164,0.7333352065016465,0.646539908123747
0022500914,2026-03-06,2026-03-01,conservative,1,0.5374301675977654,0.8467110586066444,0.8071581387124025,0.7074949822424396
0022500915,2026-03-07,2026-03-01,conservative,0,0.5374301675977654,0.7062928403102053,0.5612136821431462,0.6321531730108533
0022500916,2026-03-07,2026-03-01,conservative,0,0.5374301675977654,0.9223999169660324,0.8719646884906095,0.7888464256986504
0022500917,2026-03-07,2026-03-01,conservative,1,0.5374301675977654,0.5418388854416781,0.509285339277499,0.5227514359055598
0022500918,2026-03-07,2026-03-01,conservative,0,0.5374301675977654,0.31704355554666885,0.3764532845241884,0.3894262374223637
0022500919,2026-03-07,2026-03-01,conservative,1,0.5374301675977654,0.68910049676032,0.610192411660077,0.6094594471333229
0022500920,2026-03-07,2026-03-01,conservative,1,0.5374301675977654,0.807665654318914,0.7326125073891288,0.6850533536891895
0022500921,2026-03-08,2026-03-08,conservative,0,0.5358649789029536,0.5056566845954664,0.4829819308893003,0.49687168476389526
0022500922,2026-03-08,2026-03-08,conservative,1,0.5358649789029536,0.3660191750935698,0.43101641511727645,0.40445540116757356
0022500923,2026-03-08,2026-03-08,conservative,1,0.5358649789029536,0.3688331501288275,0.35392945927458613,0.41797988544892345
0022500924,2026-03-08,2026-03-08,conservative,1,0.5358649789029536,0.7654209636228775,0.7510254562425825,0.6542678876828983
0022500925,2026-03-08,2026-03-08,conservative,1,0.5358649789029536,0.7068473086890982,0.5932695986596102,0.6294038729733115
0022500926,2026-03-08,2026-03-08,conservative,0,0.5358649789029536,0.4118712898148843,0.3578505882414743,0.4488277990856735
0022500927,2026-03-08,2026-03-08,conservative,1,0.5358649789029536,0.7121769774056546,0.6374447010368458,0.6273153392454939
0022500928,2026-03-08,2026-03-08,conservative,1,0.5358649789029536,0.4159501238568536,0.5300971545181398,0.42643698196133123
0022500929,2026-03-08,2026-03-08,conservative,1,0.5358649789029536,0.8036709635044961,0.7390810243033458,0.6915980345737323
0022500930,2026-03-08,2026-03-08,conservative,1,0.5358649789029536,0.3772084903144464,0.32307216555517065,0.4290825087642783
0022500931,2026-03-09,2026-03-08,conservative,1,0.5358649789029536,0.6923665314021148,0.6162154950950622,0.6146384134292026
0022500932,2026-03-09,2026-03-08,conservative,1,0.5358649789029536,0.4180207811070505,0.38453995048767226,0.44913643287598337
0022500933,2026-03-09,2026-03-08,conservative,1,0.5358649789029536,0.7551339849736833,0.6606713633266728,0.6596556900916382
0022500934,2026-03-09,2026-03-08,conservative,1,0.5358649789029536,0.2657212454081705,0.321291914684972,0.3431931869856417
0022500935,2026-03-09,2026-03-08,conservative,1,0.5358649789029536,0.40499026274775396,0.3668085716279034,0.44244824152663365
0022500936,2026-03-10,2026-03-08,conservative,1,0.5358649789029536,0.7350497211528374,0.6489109721865165,0.644384088693539
0022500937,2026-03-10,2026-03-08,conservative,0,0.5358649789029536,0.12744721759975017,0.1429257191136605,0.24244800498513577
0022500938,2026-03-10,2026-03-08,conservative,1,0.5358649789029536,0.882424930997466,0.819904941336754,0.7627136394499614
0022500939,2026-03-10,2026-03-08,conservative,1,0.5358649789029536,0.7862935275937469,0.7395500577097565,0.6751808447194695
0022500940,2026-03-10,2026-03-08,conservative,1,0.5358649789029536,0.6324280687302317,0.5498943328979427,0.5784853157573885
0022500941,2026-03-10,2026-03-08,conservative,0,0.5358649789029536,0.33338392625963303,0.37238787705961185,0.38865593632521295
0022500942,2026-03-10,2026-03-08,conservative,1,0.5358649789029536,0.6324989360279005,0.6171559392288325,0.5686440397215571
0022500943,2026-03-10,2026-03-08,conservative,0,0.5358649789029536,0.7247097463227419,0.6146410132320028,0.6407933914374375
0022500944,2026-03-10,2026-03-08,conservative,0,0.5358649789029536,0.3577244707519369,0.48539828882513497,0.3907011347874565
0022500945,2026-03-10,2026-03-08,conservative,1,0.5358649789029536,0.5632144931982788,0.5212744121572982,0.5322340937228048
0022500946,2026-03-10,2026-03-08,conservative,1,0.5358649789029536,0.4995884432589435,0.525545042632261,0.48636337120035794
0022500947,2026-03-11,2026-03-08,conservative,1,0.5358649789029536,0.3857701159526815,0.47296304632432146,0.4128893442531115
0022500948,2026-03-11,2026-03-08,conservative,1,0.5358649789029536,0.35760452756395106,0.28809534278038484,0.4203680053384704
0022500949,2026-03-11,2026-03-08,conservative,0,0.5358649789029536,0.14562389548199595,0.21748363395130876,0.24889343911594103
0022500950,2026-03-11,2026-03-08,conservative,1,0.5358649789029536,0.47027098726019395,0.48198042979767075,0.47196576449370903
0022500951,2026-03-11,2026-03-08,conservative,0,0.5358649789029536,0.1410684284802712,0.24510803985806018,0.239853234222207
0022500952,2026-03-11,2026-03-08,conservative,1,0.5358649789029536,0.5315142773841405,0.43451343211563914,0.5223222464611583
0022500953,2026-03-12,2026-03-08,conservative,1,0.5358649789029536,0.7434115937699574,0.7065656273325267,0.6425771903084622
0022500954,2026-03-12,2026-03-08,conservative,0,0.5358649789029536,0.155471153354485,0.1931964414966438,0.263424852747432
0022500955,2026-03-12,2026-03-08,conservative,1,0.5358649789029536,0.8660667662914776,0.8243379361593638,0.7422511191738487
0022500956,2026-03-12,2026-03-08,conservative,1,0.5358649789029536,0.832251412456125,0.7895294944541336,0.711516820954253
0022500957,2026-03-12,2026-03-08,conservative,1,0.5358649789029536,0.7749411665261675,0.6898007258367244,0.6727018256371016
0022500958,2026-03-12,2026-03-08,conservative,0,0.5358649789029536,0.7663988298723692,0.6730716727065993,0.667621907579436
0022500959,2026-03-12,2026-03-08,conservative,1,0.5358649789029536,0.6266599823275515,0.6135019305776016,0.5648438086592569
0022500960,2026-03-12,2026-03-08,conservative,1,0.5358649789029536,0.7968619222948597,0.7383414894115738,0.6852474371970948
0022501111,2026-03-12,2026-03-08,conservative,0,0.5358649789029536,0.5689964893237334,0.5746924708526372,0.5285404272694484
0022500961,2026-03-13,2026-03-08,conservative,1,0.5358649789029536,0.8942546227447904,0.8323750065169189,0.7754702252462436
0022500962,2026-03-13,2026-03-08,conservative,0,0.5358649789029536,0.09966950918631685,0.14881138563186994,0.20710410875079466
0022500963,2026-03-13,2026-03-08,conservative,1,0.5358649789029536,0.4515699723978636,0.4897965789323373,0.45757205704653525
0022500964,2026-03-13,2026-03-08,conservative,1,0.5358649789029536,0.7708250887867502,0.7643883535183056,0.656720986301992
0022500965,2026-03-13,2026-03-08,conservative,0,0.5358649789029536,0.18897874517510552,0.2279741631222736,0.2907067806654858
0022500966,2026-03-13,2026-03-08,conservative,0,0.5358649789029536,0.4156174115960174,0.40542371331195165,0.4442539936854629
0022500967,2026-03-13,2026-03-08,conservative,1,0.5358649789029536,0.7685871117454723,0.669503297758353,0.6700678201037358
0022500968,2026-03-13,2026-03-08,conservative,1,0.5358649789029536,0.81223115550273,0.6545390552791377,0.7120471630663103
0022500969,2026-03-14,2026-03-08,conservative,1,0.5358649789029536,0.8054789896212645,0.7695386592990573,0.6882047597923172
0022500970,2026-03-14,2026-03-08,conservative,1,0.5358649789029536,0.7503504592252902,0.6783890645660391,0.6529144523190102
0022500971,2026-03-14,2026-03-08,conservative,1,0.5358649789029536,0.9326932604500939,0.8608494612803137,0.8259354788502393
0022500972,2026-03-14,2026-03-08,conservative,0,0.5358649789029536,0.5939513285785025,0.5120864608969502,0.5557126042980981
0022500973,2026-03-14,2026-03-08,conservative,1,0.5358649789029536,0.7050943307711875,0.73786197880412,0.605338978431377
0022500974,2026-03-14,2026-03-08,conservative,1,0.5358649789029536,0.5149167464732752,0.532051484207519,0.4962646304032844
0022500975,2026-03-14,2026-03-08,conservative,0,0.5358649789029536,0.8814085806722212,0.7923937708285117,0.7661013121145195
0022500976,2026-03-15,2026-03-15,conservative,1,0.545816733067729,0.7660769199751952,0.7008686077194404,0.6810688228193627
0022500977,2026-03-15,2026-03-15,conservative,0,0.545816733067729,0.875659859800386,0.8227491129719122,0.7730475885035429
0022500978,2026-03-15,2026-03-15,conservative,1,0.545816733067729,0.31826147385949355,0.3608138745115185,0.3849595471410217
0022500979,2026-03-15,2026-03-15,conservative,1,0.545816733067729,0.7409959625150424,0.7014176063987252,0.6594754021225588
0022500980,2026-03-15,2026-03-15,conservative,1,0.545816733067729,0.5925858690645266,0.5714690761391155,0.5606325058666227
0022500981,2026-03-15,2026-03-15,conservative,1,0.545816733067729,0.7859238596184472,0.7164367674688819,0.6967048422925363
0022500982,2026-03-15,2026-03-15,conservative,1,0.545816733067729,0.5524689073102184,0.4963924807950985,0.5406795093734807
0022500983,2026-03-16,2026-03-15,conservative,1,0.545816733067729,0.5520650212141718,0.5213178341142475,0.5373064876886805
0022500984,2026-03-16,2026-03-15,conservative,0,0.545816733067729,0.25854975784916473,0.28957017501584187,0.34561639162891805
0022500985,2026-03-16,2026-03-15,conservative,0,0.545816733067729,0.28844233470511177,0.2996574379740922,0.36914704217005345
0022500986,2026-03-16,2026-03-15,conservative,1,0.545816733067729,0.7023334132916365,0.6218586951930765,0.6379253135931735
0022500987,2026-03-16,2026-03-15,conservative,1,0.545816733067729,0.5724557011329958,0.5965595896738775,0.5427004819067712
0022500988,2026-03-16,2026-03-15,conservative,1,0.545816733067729,0.6162432709990006,0.5851454367746396,0.5764196569897432
0022500989,2026-03-16,2026-03-15,conservative,0,0.545816733067729,0.5672652689861066,0.48528726595345495,0.5527738794366771
0022500990,2026-03-16,2026-03-15,conservative,0,0.545816733067729,0.29210035324205225,0.3024949032707491,0.37174098787712756
0022500991,2026-03-17,2026-03-15,conservative,1,0.545816733067729,0.6058246907338282,0.4615064502347397,0.5838050053837105
0022500992,2026-03-17,2026-03-15,conservative,0,0.545816733067729,0.27170264508481196,0.3423385738639664,0.34975984461410004
0022500993,2026-03-17,2026-03-15,conservative,0,0.545816733067729,0.0880359231215613,0.12315454724184868,0.19283774165033146
0022500994,2026-03-17,2026-03-15,conservative,1,0.545816733067729,0.9366821172885963,0.8990279679168919,0.8428544354127869
0022500995,2026-03-17,2026-03-15,conservative,0,0.545816733067729,0.24198353746894177,0.31095948620638303,0.3285663719140571
0022500996,2026-03-17,2026-03-15,conservative,1,0.545816733067729,0.5652156859167011,0.5075592266998002,0.5485455076230852
0022500997,2026-03-17,2026-03-15,conservative,1,0.545816733067729,0.6472525455044768,0.6122352181115612,0.5963290345481824
0022500998,2026-03-17,2026-03-15,conservative,0,0.545816733067729,0.07806645702863052,0.13096104172733772,0.17727958622933096
0022500651,2026-03-18,2026-03-15,conservative,1,0.545816733067729,0.1917818495590234,0.24943691847463476,0.2910150344016167
0022500999,2026-03-18,2026-03-15,conservative,1,0.545816733067729,0.8112617809446799,0.7130728841213742,0.720586751143808
0022501000,2026-03-18,2026-03-15,conservative,0,0.545816733067729,0.06877275024713386,0.09844349566719758,0.16890024682809562
0022501001,2026-03-18,2026-03-15,conservative,0,0.545816733067729,0.20675650390056952,0.21025675670255684,0.311047102758254
0022501002,2026-03-18,2026-03-15,conservative,0,0.545816733067729,0.3103180995581373,0.35798813247773853,0.37904772648941715
0022501004,2026-03-18,2026-03-15,conservative,1,0.545816733067729,0.8707803970777949,0.7844385306329675,0.7727795841931081
0022501005,2026-03-18,2026-03-15,conservative,1,0.545816733067729,0.3509095143663697,0.3664287652911838,0.40955477660250345
0022501006,2026-03-18,2026-03-15,conservative,0,0.545816733067729,0.25281540883967135,0.21795376254459786,0.3514122865675482
0022501007,2026-03-18,2026-03-15,conservative,0,0.545816733067729,0.5273127317269963,0.4505872690506346,0.5282002918808607
0022501008,2026-03-19,2026-03-15,conservative,1,0.545816733067729,0.6708214336919026,0.49296099552806577,0.628567424681897
0022501009,2026-03-19,2026-03-15,conservative,0,0.545816733067729,0.08376701606784454,0.11536537104375888,0.1882151903024701
0022501010,2026-03-19,2026-03-15,conservative,0,0.545816733067729,0.4750324127397301,0.39464285465758403,0.49764493521686765
0022501011,2026-03-19,2026-03-15,conservative,0,0.545816733067729,0.2012242536113012,0.3229293001561248,0.29064640214193477
0022501012,2026-03-19,2026-03-15,conservative,1,0.545816733067729,0.3982119661120767,0.38277856016209416,0.44304953084868526
0022501013,2026-03-19,2026-03-15,conservative,1,0.545816733067729,0.8157314714561138,0.7294854004174074,0.7228134792298084
0022501014,2026-03-19,2026-03-15,conservative,1,0.545816733067729,0.4019354292862738,0.43829008230096445,0.43876987923041144
0022501015,2026-03-19,2026-03-15,conservative,0,0.545816733067729,0.2602098861594613,0.30101577179119005,0.34547903991901713
0022501016,2026-03-20,2026-03-15,conservative,0,0.545816733067729,0.11288999189527359,0.14134644414522185,0.2223105076480157
0022501017,2026-03-20,2026-03-15,conservative,1,0.545816733067729,0.8161227841700829,0.77347883994378,0.7172786399811909
0022501018,2026-03-20,2026-03-15,conservative,1,0.545816733067729,0.534101107462446,0.49484424711040054,0.5275933460947255
0022501019,2026-03-20,2026-03-15,conservative,0,0.545816733067729,0.13758975542135804,0.21734725945669744,0.23970868931568642
0022501020,2026-03-20,2026-03-15,conservative,0,0.545816733067729,0.6721015133466374,0.6235625035795516,0.6139709606286551
0022501021,2026-03-20,2026-03-15,conservative,1,0.545816733067729,0.5992126992339893,0.5469170441492387,0.5685522699191474
0022501022,2026-03-21,2026-03-15,conservative,0,0.545816733067729,0.050940013173569096,0.08419509804067907,0.14159777240169402
0022501023,2026-03-21,2026-03-15,conservative,1,0.545816733067729,0.8763487324430068,0.7404802210827658,0.7842569555660238
0022501024,2026-03-21,2026-03-15,conservative,0,0.545816733067729,0.41271324851272984,0.39397347532644333,0.45232287632353285
0022501025,2026-03-21,2026-03-15,conservative,0,0.545816733067729,0.2996856946091257,0.30115132985202653,0.37807679610543116
0022501026,2026-03-21,2026-03-15,conservative,1,0.545816733067729,0.702616887980496,0.6992332084198,0.6281578237754869
0022501027,2026-03-21,2026-03-15,conservative,1,0.545816733067729,0.6011366428413307,0.5691689256932622,0.5672183110161264
0022501028,2026-03-21,2026-03-15,conservative,1,0.545816733067729,0.9679657943070727,0.940913768397152,0.8930383496777866
0022501029,2026-03-21,2026-03-15,conservative,0,0.545816733067729,0.2858341925776254,0.28728795763787657,0.3687351208007864
0022501030,2026-03-21,2026-03-15,conservative,0,0.545816733067729,0.24919114527884878,0.32019692767195823,0.33359936932259426
0022501031,2026-03-21,2026-03-15,conservative,0,0.545816733067729,0.7796150135556034,0.750849625188871,0.6863267179584204
0022501032,2026-03-22,2026-03-22,conservative,1,0.5443396226415095,0.6784379806853122,0.6170260354767316,0.6273871088600093
0022501033,2026-03-22,2026-03-22,conservative,1,0.5443396226415095,0.5764489811709362,0.5874906814282698,0.5514827234303383
0022501034,2026-03-22,2026-03-22,conservative,1,0.5443396226415095,0.9445721274655657,0.9070029994345316,0.8710191469755102
0022501035,2026-03-22,2026-03-22,conservative,0,0.5443396226415095,0.7194590842726106,0.6423927795892429,0.6583917011764752
0022501036,2026-03-22,2026-03-22,conservative,1,0.5443396226415095,0.5310581104967358,0.5404542956803132,0.521838476793378
0022501037,2026-03-23,2026-03-22,conservative,1,0.5443396226415095,0.8426758286475684,0.8260811146693618,0.7531485519095714
0022501038,2026-03-23,2026-03-22,conservative,1,0.5443396226415095,0.6381001204873996,0.5618444807822148,0.6006824982199299
0022501039,2026-03-23,2026-03-22,conservative,0,0.5443396226415095,0.8889438568132797,0.8768724278707594,0.7985558218613401
0022501040,2026-03-23,2026-03-22,conservative,0,0.5443396226415095,0.23046664770833175,0.24741834723541759,0.31315434358459254
0022501041,2026-03-23,2026-03-22,conservative,0,0.5443396226415095,0.24454164396810998,0.28586247524113667,0.3218244455361239
0022501042,2026-03-23,2026-03-22,conservative,1,0.5443396226415095,0.2265616493296431,0.3355089152990529,0.30144434620976
0022501043,2026-03-23,2026-03-22,conservative,0,0.5443396226415095,0.2248501861893517,0.27229364547596757,0.3056019800135404
0022501044,2026-03-23,2026-03-22,conservative,0,0.5443396226415095,0.38797541635269434,0.3670426351013089,0.4305114122203951
0022501045,2026-03-23,2026-03-22,conservative,1,0.5443396226415095,0.8343267154031222,0.7951440311509529,0.7479758580732198
0022501046,2026-03-23,2026-03-22,conservative,1,0.5443396226415095,0.7728426534124083,0.6926771295228122,0.6996371659109955
0022501047,2026-03-24,2026-03-22,conservative,1,0.5443396226415095,0.9104712132584047,0.7867185099101369,0.8339885475606359
0022501048,2026-03-24,2026-03-22,conservative,1,0.5443396226415095,0.8220838788513405,0.8161487273806358,0.7333869553575176
0022501049,2026-03-24,2026-03-22,conservative,1,0.5443396226415095,0.7191695740691986,0.5845523682665774,0.6630757187595496
0022501050,2026-03-24,2026-03-22,conservative,0,0.5443396226415095,0.4621323400988749,0.5004016418368976,0.4742316077253737
0022501051,2026-03-25,2026-03-22,conservative,0,0.5443396226415095,0.7032100768898446,0.6245427339488968,0.6466370750262679
0022501052,2026-03-25,2026-03-22,conservative,0,0.5443396226415095,0.10206699958406606,0.1127049214736738,0.19479905024816727
0022501053,2026-03-25,2026-03-22,conservative,1,0.5443396226415095,0.7569156597777581,0.6250473476539741,0.6914531067704585
0022501054,2026-03-25,2026-03-22,conservative,1,0.5443396226415095,0.4033401157034998,0.357584675526123,0.44315256322866586
0022501055,2026-03-25,2026-03-22,conservative,0,0.5443396226415095,0.7026284503966961,0.6317315551667245,0.6455316083209807
0022501056,2026-03-25,2026-03-22,conservative,0,0.5443396226415095,0.07363095940655545,0.09728674231830702,0.1584339263041832
0022501057,2026-03-25,2026-03-22,conservative,0,0.5443396226415095,0.6406956092707539,0.6475292893725252,0.5949202953914923
0022501058,2026-03-25,2026-03-22,conservative,1,0.5443396226415095,0.580553564650391,0.5545600048825803,0.5575563492700203
0022501059,2026-03-25,2026-03-22,conservative,1,0.5443396226415095,0.8738540513616617,0.8520067663037962,0.7839989266059605
0022501060,2026-03-25,2026-03-22,conservative,1,0.5443396226415095,0.8029645965540988,0.766722110425028,0.7202399983885132
0022501061,2026-03-25,2026-03-22,conservative,1,0.5443396226415095,0.7433369459074347,0.7121260645945086,0.6720886197392574
0022501062,2026-03-25,2026-03-22,conservative,1,0.5443396226415095,0.567124106838488,0.4862833315477431,0.5535715274477488
0022501063,2026-03-26,2026-03-22,conservative,1,0.5443396226415095,0.525306433858768,0.4098734820925417,0.5293715941753785
0022501064,2026-03-26,2026-03-22,conservative,1,0.5443396226415095,0.84545499268178,0.8456416576033685,0.7536772364269081
0022501065,2026-03-26,2026-03-22,conservative,1,0.5443396226415095,0.8243862449084852,0.8038079444867162,0.7370769965121937
0022501066,2026-03-27,2026-03-22,conservative,0,0.5443396226415095,0.13565530459957958,0.20019880459381398,0.22433004449012267
0022501067,2026-03-27,2026-03-22,conservative,1,0.5443396226415095,0.6928867364738612,0.5592875016119669,0.643882244698901
0022501068,2026-03-27,2026-03-22,conservative,1,0.5443396226415095,0.6456417506131725,0.6109392084427153,0.6021547650799748
0022501069,2026-03-27,2026-03-22,conservative,0,0.5443396226415095,0.21732324622129906,0.2390935224639323,0.30205896300725266
0022501070,2026-03-27,2026-03-22,conservative,1,0.5443396226415095,0.9336758732307819,0.8652133369626142,0.8588482196053793
0022501071,2026-03-27,2026-03-22,conservative,1,0.5443396226415095,0.6833022815311324,0.7199045216815513,0.6214379735524396
0022501072,2026-03-27,2026-03-22,conservative,1,0.5443396226415095,0.9132709365538664,0.8498872084062951,0.8322293268200178
0022501073,2026-03-27,2026-03-22,conservative,1,0.5443396226415095,0.8188148313556429,0.7805495318470882,0.7340603938267348
0022501074,2026-03-27,2026-03-22,conservative,0,0.5443396226415095,0.7981656789809699,0.8106238589205143,0.7108649977631769
0022501075,2026-03-27,2026-03-22,conservative,1,0.5443396226415095,0.9215647409966774,0.900370234313481,0.8376440180907728
0022501076,2026-03-28,2026-03-22,conservative,0,0.5443396226415095,0.08362709395456407,0.13561819110024298,0.16782363818143578
0022501077,2026-03-28,2026-03-22,conservative,0,0.5443396226415095,0.732499928952369,0.5634747789591434,0.6757960364531872
0022501078,2026-03-28,2026-03-22,conservative,1,0.5443396226415095,0.880917043427902,0.8386780277515898,0.793646171801526
0022501079,2026-03-28,2026-03-22,conservative,1,0.5443396226415095,0.4882454240176969,0.39986916720514526,0.5028078427078381
0022501080,2026-03-28,2026-03-22,conservative,0,0.5443396226415095,0.405616238847789,0.3767781597164493,0.4430508384132121
0022501081,2026-03-28,2026-03-22,conservative,1,0.5443396226415095,0.8716651225424479,0.81437400844793,0.7856532313866955
0022501082,2026-03-29,2026-03-29,conservative,0,0.5486486486486486,0.24552414663966798,0.3366313851609714,0.3129544455607301
0022501083,2026-03-29,2026-03-29,conservative,1,0.5486486486486486,0.1471069660544545,0.2132999539536049,0.2273285845626009
0022501084,2026-03-29,2026-03-29,conservative,1,0.5486486486486486,0.50500582751599,0.4859450516780712,0.5087982640945029
0022501085,2026-03-29,2026-03-29,conservative,0,0.5486486486486486,0.4806628039604003,0.41762658483063747,0.4951263258687745
0022501086,2026-03-29,2026-03-29,conservative,1,0.5486486486486486,0.585373756575596,0.5558435576819926,0.565036754133645
0022501087,2026-03-29,2026-03-29,conservative,1,0.5486486486486486,0.8572889360376763,0.8429513572598376,0.7784879319058907
0022501088,2026-03-29,2026-03-29,conservative,0,0.5486486486486486,0.33177867111390397,0.3046755648404627,0.38777030327801276
0022501089,2026-03-29,2026-03-29,conservative,1,0.5486486486486486,0.7068361673855159,0.6963749934564506,0.6513121933918286
0022501090,2026-03-29,2026-03-29,conservative,1,0.5486486486486486,0.7624219620343231,0.7167150319457914,0.6972737126596583
0022501091,2026-03-30,2026-03-29,conservative,1,0.5486486486486486,0.5214242138264166,0.4743044857375529,0.522014902960706
0022501092,2026-03-30,2026-03-29,conservative,1,0.5486486486486486,0.3660554908373669,0.45074416238602927,0.40477122682842914
0022501093,2026-03-30,2026-03-29,conservative,0,0.5486486486486486,0.23301411864009686,0.22856483706982558,0.3097356743867501
0022501094,2026-03-30,2026-03-29,conservative,1,0.5486486486486486,0.9475936825785405,0.8907180625314833,0.8871217207351448
0022501095,2026-03-30,2026-03-29,conservative,0,0.5486486486486486,0.22257040636556755,0.24188857285980367,0.29914725277011267
0022501096,2026-03-30,2026-03-29,conservative,0,0.5486486486486486,0.10820090525519248,0.1810079502990708,0.18610920346272483
0022501097,2026-03-30,2026-03-29,conservative,1,0.5486486486486486,0.6467893722029769,0.6022152213394528,0.6095138567321999
0022501098,2026-03-30,2026-03-29,conservative,1,0.5486486486486486,0.9337015981813673,0.9174329277831966,0.864284981787637
0022500652,2026-03-31,2026-03-29,conservative,1,0.5486486486486486,0.5673297071718435,0.5953364335406445,0.5484988558171618
0022501099,2026-03-31,2026-03-29,conservative,1,0.5486486486486486,0.46210703565899175,0.4470664458270285,0.47899345718420255
0022501100,2026-03-31,2026-03-29,conservative,0,0.5486486486486486,0.1150753873686193,0.2423771041139914,0.19023768129852509
0022501101,2026-03-31,2026-03-29,conservative,1,0.5486486486486486,0.7561631370977928,0.7135831056104661,0.6920033584766235
0022501102,2026-03-31,2026-03-29,conservative,1,0.5486486486486486,0.4655492499381762,0.47678559706440976,0.4795547231313533
0022501103,2026-03-31,2026-03-29,conservative,1,0.5486486486486486,0.5477087796862246,0.616075397246079,0.5320730674910379
0022501104,2026-03-31,2026-03-29,conservative,0,0.5486486486486486,0.6568326062113259,0.5214510383756027,0.622775399702686
0022501003,2026-04-01,2026-03-29,conservative,0,0.5486486486486486,0.14339681335408908,0.1966471311655129,0.22460391170775024
0022501105,2026-04-01,2026-03-29,conservative,0,0.5486486486486486,0.16442913434039552,0.1969032499757394,0.24660165698878575
0022501106,2026-04-01,2026-03-29,conservative,0,0.5486486486486486,0.3109433831958648,0.36539160341164467,0.36638742557870163
0022501107,2026-04-01,2026-03-29,conservative,0,0.5486486486486486,0.4096505109434792,0.4256687934629114,0.44037963551795056
0022501108,2026-04-01,2026-03-29,conservative,0,0.5486486486486486,0.8708097546324916,0.833933664914992,0.7938970681990495
0022501109,2026-04-01,2026-03-29,conservative,0,0.5486486486486486,0.697282484315085,0.7163672323438597,0.6419035083140284
0022501110,2026-04-01,2026-03-29,conservative,1,0.5486486486486486,0.8527806073840655,0.79293940751893,0.7777440034413718
0022501112,2026-04-01,2026-03-29,conservative,0,0.5486486486486486,0.10863205253497799,0.15052324340907056,0.18893710951821457
0022501113,2026-04-01,2026-03-29,conservative,0,0.5486486486486486,0.13447031647059945,0.1884581859240404,0.21553616472711232
0022501114,2026-04-02,2026-03-29,conservative,1,0.5486486486486486,0.6841207960012148,0.48649776889629365,0.6466674111343569
0022501115,2026-04-02,2026-03-29,conservative,1,0.5486486486486486,0.7182423083971553,0.7050185453336746,0.6601818353352354
0022501116,2026-04-02,2026-03-29,conservative,1,0.5486486486486486,0.735693259960764,0.6687345773323773,0.6774831907239361
0022501117,2026-04-02,2026-03-29,conservative,0,0.5486486486486486,0.2940411459959463,0.3456388804765286,0.353788870485289
0022501118,2026-04-02,2026-03-29,conservative,1,0.5486486486486486,0.7098914605875544,0.7679443787729399,0.6481230771148427
0022501119,2026-04-02,2026-03-29,conservative,0,0.5486486486486486,0.22184165647256243,0.24162201515332524,0.2984999272227734
0022501120,2026-04-03,2026-03-29,conservative,1,0.5486486486486486,0.927249423534135,0.8353968205712831,0.8617272090897731
0022501121,2026-04-03,2026-03-29,conservative,1,0.5486486486486486,0.4813556560671889,0.5045738098003723,0.4896244637154579
0022501122,2026-04-03,2026-03-29,conservative,0,0.5486486486486486,0.12008563778347883,0.1513616642755064,0.20233262888333664
0022501123,2026-04-03,2026-03-29,conservative,1,0.5486486486486486,0.8927543503933472,0.7989287163090351,0.8211723666701368
0022501124,2026-04-03,2026-03-29,conservative,1,0.5486486486486486,0.9208403944137791,0.8686144704713482,0.8509954588807083
0022501125,2026-04-03,2026-03-29,conservative,0,0.5486486486486486,0.23747485974928284,0.22986650880277743,0.3136507737992436
0022501126,2026-04-03,2026-03-29,conservative,0,0.5486486486486486,0.12034292624834284,0.22834405005466032,0.19706577071440257
0022501127,2026-04-03,2026-03-29,conservative,0,0.5486486486486486,0.29932875136164366,0.3276699484343453,0.35945580322558834
0022501128,2026-04-03,2026-03-29,conservative,1,0.5486486486486486,0.3825215184527147,0.4603165665438594,0.4170029366982257
0022501129,2026-04-04,2026-03-29,conservative,1,0.5486486486486486,0.8850866854052867,0.8129437079085228,0.8114395573158814
0022501130,2026-04-04,2026-03-29,conservative,1,0.5486486486486486,0.295619706390047,0.3803352345481574,0.35274337536574524
0022501131,2026-04-04,2026-03-29,conservative,0,0.5486486486486486,0.31289458242682583,0.3506467677299615,0.3690114306031104
0022501132,2026-04-05,2026-04-05,conservative,1,0.5486649440137812,0.7937720921399295,0.6555570080580843,0.7369031344691893
0022501133,2026-04-05,2026-04-05,conservative,1,0.5486649440137812,0.6065241846016233,0.5674998837117345,0.5853108301794845
0022501134,2026-04-05,2026-04-05,conservative,0,0.5486649440137812,0.24424617240901705,0.29712358394647376,0.30708374216064643
0022501135,2026-04-05,2026-04-05,conservative,1,0.5486649440137812,0.6369262076483524,0.6613197484285966,0.6066924655999713
0022501136,2026-04-05,2026-04-05,conservative,1,0.5486649440137812,0.9254015316209872,0.8858998035359263,0.8681511943797746
0022501137,2026-04-05,2026-04-05,conservative,0,0.5486649440137812,0.4296604125765801,0.5666899756280317,0.45059224491983324
0022501138,2026-04-05,2026-04-05,conservative,0,0.5486649440137812,0.39241240436843683,0.3504034923462284,0.42692708863662326
0022501139,2026-04-05,2026-04-05,conservative,1,0.5486649440137812,0.9750971996318083,0.9549743140507584,0.9389471413058926
0022501140,2026-04-05,2026-04-05,conservative,1,0.5486649440137812,0.13881096139165824,0.15701694537941166,0.2104402741127394
0022501141,2026-04-05,2026-04-05,conservative,0,0.5486649440137812,0.207707359100875,0.2772735725898077,0.27483493219051325
0022501142,2026-04-05,2026-04-05,conservative,0,0.5486649440137812,0.2973431199979597,0.3007920048551417,0.35211154913446274
0022501143,2026-04-06,2026-04-05,conservative,0,0.5486649440137812,0.5267808387997279,0.5162601740306706,0.5256212474922742
0022501144,2026-04-06,2026-04-05,conservative,1,0.5486649440137812,0.24007879422679593,0.25352130892530533,0.3045101377639602
0022501145,2026-04-06,2026-04-05,conservative,0,0.5486649440137812,0.1171376398743848,0.15366805942741246,0.1870530870812922
0022501146,2026-04-06,2026-04-05,conservative,1,0.5486649440137812,0.8665544309096342,0.799659920998937,0.803659904944967
0022501147,2026-04-06,2026-04-05,conservative,1,0.5486649440137812,0.7135113032974351,0.6479758636232094,0.6683161852065513
0022501148,2026-04-07,2026-04-05,conservative,0,0.5486649440137812,0.39515765470872233,0.3618076772819406,0.42877842520183995
0022501149,2026-04-07,2026-04-05,conservative,1,0.5486649440137812,0.6387624480139003,0.6773321330900417,0.6077283276521226
0022501150,2026-04-07,2026-04-05,conservative,1,0.5486649440137812,0.41013886283447565,0.3671056688493546,0.4402545386644047
0022501151,2026-04-07,2026-04-05,conservative,1,0.5486649440137812,0.5649828637516988,0.6656894160459835,0.5510657500758028
0022501152,2026-04-07,2026-04-05,conservative,0,0.5486649440137812,0.16523646557367383,0.17726702613443976,0.2368781403262225
0022501153,2026-04-07,2026-04-05,conservative,1,0.5486649440137812,0.7612321741701396,0.6356772605370359,0.708705374114631
0022501154,2026-04-07,2026-04-05,conservative,1,0.5486649440137812,0.7601500967734725,0.7456476127051638,0.705267955190008
0022501155,2026-04-07,2026-04-05,conservative,0,0.5486649440137812,0.29743681990627197,0.3184031356096106,0.3517513364012866
0022501156,2026-04-07,2026-04-05,conservative,1,0.5486649440137812,0.8470381094872396,0.7834358041861489,0.7842874769169667
0022501157,2026-04-07,2026-04-05,conservative,0,0.5486649440137812,0.4497938965783834,0.4298737758729641,0.4691726044732439
0022501158,2026-04-08,2026-04-05,conservative,1,0.5486649440137812,0.5953011451140652,0.5652549756453099,0.5767227007026864
0022501159,2026-04-08,2026-04-05,conservative,1,0.5486649440137812,0.49433976134376156,0.43275722214077583,0.5029760720410653
0022501160,2026-04-08,2026-04-05,conservative,1,0.5486649440137812,0.925143208981511,0.8857815068475535,0.8678296649876251
0022501161,2026-04-08,2026-04-05,conservative,1,0.5486649440137812,0.8798597195954259,0.8042984382366622,0.8175533497753285
0022501162,2026-04-08,2026-04-05,conservative,1,0.5486649440137812,0.9289422368519636,0.9056940894649574,0.8720861379461942
0022501163,2026-04-08,2026-04-05,conservative,0,0.5486649440137812,0.21898290274870627,0.19195444364396685,0.28738810650949004
0022501164,2026-04-08,2026-04-05,conservative,1,0.5486649440137812,0.8286350879162874,0.8081845407734286,0.7657493627445879
0022501165,2026-04-09,2026-04-05,conservative,1,0.5486649440137812,0.6085027838470022,0.699604867251073,0.5835935945318598
0022501166,2026-04-09,2026-04-05,conservative,0,0.5486649440137812,0.3467692678463576,0.3221146238116268,0.39170412877317107
0022501167,2026-04-09,2026-04-05,conservative,0,0.5486649440137812,0.5767878548611982,0.5557665616403127,0.5627546978293704
0022501168,2026-04-09,2026-04-05,conservative,1,0.5486649440137812,0.43212025057161374,0.49233011420315337,0.454202310294675
0022501169,2026-04-09,2026-04-05,conservative,1,0.5486649440137812,0.6964965822939271,0.6864451011771353,0.6535053159517122
0022501170,2026-04-09,2026-04-05,conservative,0,0.5486649440137812,0.31376707052288205,0.3359115177946088,0.3647439418966797
0022501171,2026-04-10,2026-04-05,conservative,0,0.5486649440137812,0.4745402036376354,0.3577216104200519,0.48977768825345985
0022501172,2026-04-10,2026-04-05,conservative,0,0.5486649440137812,0.14693523334133574,0.23939572952919652,0.2168415111288387
0022501173,2026-04-10,2026-04-05,conservative,1,0.5486649440137812,0.49187360494727017,0.49729924518784935,0.49959264288161953
0022501174,2026-04-10,2026-04-05,conservative,1,0.5486649440137812,0.9069697696857661,0.884130365026599,0.845848522109587
0022501175,2026-04-10,2026-04-05,conservative,0,0.5486649440137812,0.20970084918486875,0.23114147528587534,0.2778012334051953
0022501176,2026-04-10,2026-04-05,conservative,1,0.5486649440137812,0.7112480123644951,0.6430380060238816,0.6665683332222803
0022501177,2026-04-10,2026-04-05,conservative,0,0.5486649440137812,0.265140800235185,0.3607703454026926,0.32365900904973166
0022501178,2026-04-10,2026-04-05,conservative,0,0.5486649440137812,0.6786303729404972,0.658792051126721,0.6397602281897401
0022501179,2026-04-10,2026-04-05,conservative,1,0.5486649440137812,0.6870639410256849,0.6863521034123216,0.6458716778424021
0022501180,2026-04-10,2026-04-05,conservative,1,0.5486649440137812,0.9657007283148007,0.9453713592462691,0.9232696693825475
0022501181,2026-04-10,2026-04-05,conservative,1,0.5486649440137812,0.4956799388270014,0.5255682620091733,0.5018207807292495
0022501182,2026-04-10,2026-04-05,conservative,1,0.5486649440137812,0.3074008123838848,0.330849183726513,0.3596575802943966
0022501183,2026-04-10,2026-04-05,conservative,1,0.5486649440137812,0.4998653504969211,0.6009711608395878,0.50320643900529
0022501184,2026-04-10,2026-04-05,conservative,1,0.5486649440137812,0.3339797787733197,0.3291754502710531,0.3812827075973451
0022501185,2026-04-10,2026-04-05,conservative,1,0.5486649440137812,0.6706911712320356,0.6329141463797403,0.6340260237062426
0022501186,2026-04-12,2026-04-12,conservative,1,0.5522633744855967,0.7962635318438834,0.7260318313054344,0.7491651720998121
0022501187,2026-04-12,2026-04-12,conservative,1,0.5522633744855967,0.9607263604703626,0.9262597171211033,0.9252500719984241
0022501188,2026-04-12,2026-04-12,conservative,0,0.5522633744855967,0.06408288621003816,0.0991833822122391,0.11542630296515556
0022501189,2026-04-12,2026-04-12,conservative,1,0.5522633744855967,0.3772248583603131,0.4018611332497491,0.41404177594635927
0022501190,2026-04-12,2026-04-12,conservative,0,0.5522633744855967,0.6074590474485716,0.6927451289786285,0.5956895704342261
0022501191,2026-04-12,2026-04-12,conservative,1,0.5522633744855967,0.8080523169677489,0.7692577111969501,0.7603952670670981
0022501192,2026-04-12,2026-04-12,conservative,1,0.5522633744855967,0.9017313083331021,0.8756524779126719,0.8532720578931685
0022501193,2026-04-12,2026-04-12,conservative,1,0.5522633744855967,0.5331464135348132,0.46140594168835297,0.5346519718323104
0022501194,2026-04-12,2026-04-12,conservative,1,0.5522633744855967,0.9350209706099413,0.9258854685407676,0.892141641289617
0022501195,2026-04-12,2026-04-12,conservative,1,0.5522633744855967,0.7991082209914702,0.8555873263122655,0.7544439854099954
0022501196,2026-04-12,2026-04-12,conservative,0,0.5522633744855967,0.877866782784152,0.8492148025030499,0.8279076774114469
0022501197,2026-04-12,2026-04-12,conservative,0,0.5522633744855967,0.7628593809823027,0.7163630348683788,0.7201921567965464
0022501198,2026-04-12,2026-04-12,conservative,1,0.5522633744855967,0.9354487091052833,0.8995713621289654,0.8920647226135187
0022501199,2026-04-12,2026-04-12,conservative,1,0.5522633744855967,0.7388108514855124,0.6591143652981656,0.6990500577457877
0022501200,2026-04-12,2026-04-12,conservative,1,0.5522633744855967,0.8549584749838168,0.8609438513944729,0.8056487147723973
