game_id,game_date,origin,home_win,p_constant,p_elo_only,p_rank_only,p_blend
0022500702,2026-02-01,2026-02-01,1,0.5528120713305898,0.7780039760774083,0.7103967165311138,0.710443862226443
0022500703,2026-02-01,2026-02-01,1,0.5528120713305898,0.7178927882300258,0.656913954464057,0.6633803247703722
0022500704,2026-02-01,2026-02-01,1,0.5528120713305898,0.8348638109338468,0.8292226318119815,0.7680657443812519
0022500705,2026-02-01,2026-02-01,1,0.5528120713305898,0.5846856256969467,0.5824426167783928,0.584244909333143
0022500706,2026-02-01,2026-02-01,1,0.5528120713305898,0.77167302192307,0.7211779002802293,0.7067212089743671
0022500707,2026-02-01,2026-02-01,1,0.5528120713305898,0.5635065699464035,0.5494401312152107,0.552836682473212
0022500708,2026-02-01,2026-02-01,1,0.5528120713305898,0.6053361777396766,0.5584629969358027,0.5870409426599918
0022500709,2026-02-01,2026-02-01,0,0.5528120713305898,0.641126282689418,0.6467679781602,0.6192969808812012
0022500710,2026-02-01,2026-02-01,0,0.5528120713305898,0.4290250081686255,0.49486652857067437,0.46812195668640205
0022500711,2026-02-01,2026-02-01,0,0.5528120713305898,0.4296929433420436,0.47035250754496494,0.4555697658438564
0022500712,2026-02-02,2026-02-01,1,0.5528120713305898,0.8009028900211178,0.6893101920579444,0.7170740331244237
0022500713,2026-02-02,2026-02-01,0,0.5528120713305898,0.288968543809786,0.29135726096778586,0.3300359539373625
0022500714,2026-02-02,2026-02-01,1,0.5528120713305898,0.29882373787475136,0.3855423439978085,0.37801258156600903
0022500715,2026-02-02,2026-02-01,0,0.5528120713305898,0.6248016418262049,0.5240779266209359,0.562698303897067
0022500716,2026-02-03,2026-02-01,1,0.5528120713305898,0.677057772340363,0.6265022076860556,0.6188160733282418
0022500717,2026-02-03,2026-02-01,0,0.5528120713305898,0.6249377274062192,0.5152427740608332,0.5692013475300717
0022500718,2026-02-03,2026-02-01,0,0.5528120713305898,0.2814869403595752,0.28893687753811687,0.3360269036264171
0022500719,2026-02-03,2026-02-01,0,0.5528120713305898,0.35580902080203825,0.2902477446926468,0.4043895590618356
0022500720,2026-02-03,2026-02-01,0,0.5528120713305898,0.5990898450545644,0.6105299993209752,0.5783631031838007
0022500721,2026-02-03,2026-02-01,0,0.5528120713305898,0.35880361150192047,0.39318621507400464,0.3933509926976408
0022500722,2026-02-03,2026-02-01,1,0.5528120713305898,0.485941008558542,0.4756433310429249,0.5127635934134824
0022500723,2026-02-03,2026-02-01,1,0.5528120713305898,0.7908850907745797,0.7214533767346785,0.7325596648886877
0022500724,2026-02-03,2026-02-01,0,0.5528120713305898,0.5348882512092648,0.5459678021556714,0.5457416193981958
0022500725,2026-02-03,2026-02-01,0,0.5528120713305898,0.40150876288138587,0.4639966573628274,0.4396351934277071
0022500726,2026-02-04,2026-02-01,1,0.5528120713305898,0.6288305961030162,0.5783897854892964,0.5711787446228794
0022500727,2026-02-04,2026-02-01,0,0.5528120713305898,0.4910653977012996,0.5403327597443311,0.4982553268266794
0022500728,2026-02-04,2026-02-01,0,0.5528120713305898,0.5375874447843546,0.5590206622710943,0.5369588825049818
0022500729,2026-02-04,2026-02-01,1,0.5528120713305898,0.6062304902475724,0.6383876336282195,0.6072094695060726
0022500730,2026-02-04,2026-02-01,1,0.5528120713305898,0.47155771891900583,0.4740452187914599,0.4737939842022476
0022500731,2026-02-04,2026-02-01,0,0.5528120713305898,0.4468365665715381,0.44520515395758015,0.45345191090833076
0022500732,2026-02-04,2026-02-01,0,0.5528120713305898,0.5037367272914897,0.4655279080778533,0.5044279191239374
0022500733,2026-02-05,2026-02-01,0,0.5528120713305898,0.8641541137356887,0.8367307788944125,0.8048923242355598
0022500734,2026-02-05,2026-02-01,1,0.5528120713305898,0.7014961897857166,0.7257453119308048,0.6606721254815686
0022500735,2026-02-05,2026-02-01,1,0.5528120713305898,0.7530605437971691,0.6851215119851489,0.6861131072029241
0022500736,2026-02-05,2026-02-01,1,0.5528120713305898,0.658891445418833,0.6468693115472679,0.6285955059728572
0022500737,2026-02-05,2026-02-01,0,0.5528120713305898,0.5205780300313813,0.6586269513243772,0.5768781134972598
0022500738,2026-02-05,2026-02-01,0,0.5528120713305898,0.3088971722460441,0.315125398602012,0.36270840869343707
0022500739,2026-02-05,2026-02-01,0,0.5528120713305898,0.6571039933874231,0.6144966889261442,0.6070083340564272
0022500740,2026-02-05,2026-02-01,1,0.5528120713305898,0.4819966131274834,0.5808099892511212,0.5097943553449319
0022500741,2026-02-06,2026-02-01,1,0.5528120713305898,0.7383051409518786,0.6089989225724542,0.6703847528625666
0022500742,2026-02-06,2026-02-01,1,0.5528120713305898,0.5647406690723175,0.5486262054676697,0.5772197304649344
0022500743,2026-02-06,2026-02-01,1,0.5528120713305898,0.6512551819878362,0.6453975045704143,0.6260756424469802
0022500744,2026-02-06,2026-02-01,0,0.5528120713305898,0.7903939504154036,0.7657929299917033,0.744961066221225
0022500745,2026-02-06,2026-02-01,1,0.5528120713305898,0.591727364844877,0.5956321436447164,0.5719558826127907
0022500746,2026-02-06,2026-02-01,0,0.5528120713305898,0.2895991043019276,0.379839634865876,0.36376067721430067
0022500747,2026-02-07,2026-02-01,1,0.5528120713305898,0.5024574232004242,0.5147627250999136,0.5391993019806942
0022500748,2026-02-07,2026-02-01,0,0.5528120713305898,0.683803859823497,0.6458404649497241,0.6469694282284083
0022500749,2026-02-07,2026-02-01,1,0.5528120713305898,0.7962503428732673,0.7678936338869672,0.7305114185321729
0022500750,2026-02-07,2026-02-01,1,0.5528120713305898,0.7101108445997265,0.6834340598088802,0.666132495352508
0022500751,2026-02-07,2026-02-01,0,0.5528120713305898,0.4096762356866179,0.5697396216499988,0.48074812713367904
0022500752,2026-02-07,2026-02-01,0,0.5528120713305898,0.42221987318997967,0.3979430487440701,0.43075411633821326
0022500753,2026-02-07,2026-02-01,1,0.5528120713305898,0.5655783100536481,0.6236679915590001,0.5433301376321853
0022500754,2026-02-07,2026-02-01,0,0.5528120713305898,0.5625027606099147,0.5649002654688718,0.5669584013635248
0022500755,2026-02-07,2026-02-01,1,0.5528120713305898,0.6317804507672106,0.6124078473873558,0.5926631781304705
0022500756,2026-02-07,2026-02-01,0,0.5528120713305898,0.19501909824883545,0.26727697111069965,0.2932198888268446
0022500757,2026-02-08,2026-02-08,0,0.5497448979591837,0.6445731436798712,0.5375845107906132,0.6000386537247674
0022500758,2026-02-08,2026-02-08,0,0.5497448979591837,0.38139027611309756,0.337797860400452,0.3898273575393366
0022500759,2026-02-08,2026-02-08,1,0.5497448979591837,0.7697927125854053,0.7596188258159149,0.7192035967276096
0022500760,2026-02-08,2026-02-08,0,0.5497448979591837,0.5847991218954005,0.6156228479497369,0.5947334403547687
0022500761,2026-02-09,2026-02-08,0,0.5497448979591837,0.5688604239517744,0.3555774214214815,0.4894315847718687
0022500762,2026-02-09,2026-02-08,1,0.5497448979591837,0.48027450076502837,0.429008666737901,0.47650447120541517
0022500763,2026-02-09,2026-02-08,0,0.5497448979591837,0.7549191242017119,0.7121567251748862,0.6945460373584252
0022500764,2026-02-09,2026-02-08,1,0.5497448979591837,0.6061097549987757,0.6277759697078642,0.5887076757657812
0022500765,2026-02-09,2026-02-08,1,0.5497448979591837,0.5972424692096254,0.5913581235475078,0.6013053593436477
0022500766,2026-02-09,2026-02-08,1,0.5497448979591837,0.661255659931456,0.5837262704756786,0.5994080918352633
0022500767,2026-02-09,2026-02-08,0,0.5497448979591837,0.4367576838020279,0.5221023789403534,0.5057373818976256
0022500768,2026-02-09,2026-02-08,1,0.5497448979591837,0.7079216332488726,0.648066138819109,0.6534146105312058
0022500769,2026-02-09,2026-02-08,0,0.5497448979591837,0.43761379872955825,0.4816172049146326,0.41485276433705254
0022500770,2026-02-09,2026-02-08,1,0.5497448979591837,0.40298989881575115,0.4488197109261041,0.44667952668415406
0022500771,2026-02-10,2026-02-08,0,0.5497448979591837,0.8443931026129712,0.8094277305185222,0.7727435665960777
0022500772,2026-02-10,2026-02-08,1,0.5497448979591837,0.5759554309556227,0.6252442689129613,0.5906965249494828
0022500773,2026-02-10,2026-02-08,1,0.5497448979591837,0.7257443541172314,0.712119305661455,0.6808648232275029
0022500774,2026-02-10,2026-02-08,0,0.5497448979591837,0.4108270168189572,0.4757774854920142,0.4347538478678342
0022500775,2026-02-11,2026-02-08,1,0.5497448979591837,0.7177921464476165,0.5308770386407652,0.6274641801562575
0022500776,2026-02-11,2026-02-08,1,0.5497448979591837,0.8592706105221043,0.7938158444073362,0.7780859265744435
0022500777,2026-02-11,2026-02-08,0,0.5497448979591837,0.6413309391980777,0.64223799561115,0.6068631815845384
0022500778,2026-02-11,2026-02-08,1,0.5497448979591837,0.8030891947076433,0.7055329612505247,0.7286332963941196
0022500779,2026-02-11,2026-02-08,0,0.5497448979591837,0.5684679441854164,0.5547934607094249,0.5607359921302332
0022500780,2026-02-11,2026-02-08,0,0.5497448979591837,0.5237399142331722,0.49120281412446093,0.5122489271642895
0022500781,2026-02-11,2026-02-08,0,0.5497448979591837,0.4095925566632583,0.4211449561249214,0.43564776873126393
0022500782,2026-02-11,2026-02-08,0,0.5497448979591837,0.6037286580998402,0.6489329790248396,0.6026963738302507
0022500783,2026-02-11,2026-02-08,1,0.5497448979591837,0.6127822135016835,0.6107104228090978,0.6123185356107228
0022500784,2026-02-11,2026-02-08,0,0.5497448979591837,0.45095638745582706,0.36480587498882505,0.4274076515750443
0022500785,2026-02-11,2026-02-08,0,0.5497448979591837,0.44248661870086975,0.4292510093389545,0.439291432651588
0022500786,2026-02-11,2026-02-08,1,0.5497448979591837,0.6309348985175142,0.6266942701872174,0.595963494021089
0022500787,2026-02-11,2026-02-08,1,0.5497448979591837,0.7203844530864946,0.7137434531511413,0.6776471765379027
0022500788,2026-02-11,2026-02-08,0,0.5497448979591837,0.3725139578371664,0.3945935912893977,0.4225072533929225
0022500789,2026-02-12,2026-02-08,0,0.5497448979591837,0.8140668952073408,0.7645786252949167,0.7654911141845293
0022500790,2026-02-12,2026-02-08,0,0.5497448979591837,0.3983162011422501,0.452641791721187,0.4263028279706425
0022500791,2026-02-12,2026-02-08,1,0.5497448979591837,0.6824917044176066,0.7286060531871726,0.6400564802211783
0022500792,2026-02-19,2026-02-15,0,0.5457875457875457,0.6090056600752267,0.42238534855328,0.522382807571341
0022500793,2026-02-19,2026-02-15,1,0.5457875457875457,0.8535756595103196,0.7877794383663757,0.7589711117719421
0022500794,2026-02-19,2026-02-15,0,0.5457875457875457,0.6228139009850755,0.5863793694162357,0.5869695657815573
0022500795,2026-02-19,2026-02-15,1,0.5457875457875457,0.4992820792053314,0.49107097521001375,0.5010504491800817
0022500796,2026-02-19,2026-02-15,0,0.5457875457875457,0.4980609435823764,0.4586522540648637,0.47963846524069365
0022500797,2026-02-19,2026-02-15,0,0.5457875457875457,0.37799650167207305,0.39372277677059614,0.41015589053861845
0022500798,2026-02-19,2026-02-15,1,0.5457875457875457,0.712327258166289,0.6538284173891484,0.6316847092099137
0022500799,2026-02-19,2026-02-15,0,0.5457875457875457,0.4068365754217875,0.41680819823426835,0.4309452511040862
0022500800,2026-02-19,2026-02-15,0,0.5457875457875457,0.3151340439051404,0.2885688058223298,0.34681642960716436
0022500801,2026-02-19,2026-02-15,1,0.5457875457875457,0.5827281577731009,0.4166601994547673,0.5063713381244375
0022500802,2026-02-20,2026-02-15,0,0.5457875457875457,0.4969806639362742,0.3640892308482594,0.4825498933623602
0022500803,2026-02-20,2026-02-15,1,0.5457875457875457,0.5346911784561241,0.4995656168869138,0.5176550588981415
0022500804,2026-02-20,2026-02-15,1,0.5457875457875457,0.5952327774100646,0.5262674502945387,0.5808218618464185
0022500805,2026-02-20,2026-02-15,0,0.5457875457875457,0.5490466877253823,0.4710975759249132,0.516124639592284
0022500806,2026-02-20,2026-02-15,1,0.5457875457875457,0.7427864765470956,0.7314303862705477,0.6898368515150489
0022500807,2026-02-20,2026-02-15,0,0.5457875457875457,0.4270943931954698,0.39675077375913687,0.4376025754603618
0022500808,2026-02-20,2026-02-15,1,0.5457875457875457,0.8541750576810988,0.8292367588216862,0.8038283410925162
0022500809,2026-02-20,2026-02-15,1,0.5457875457875457,0.4934471388752052,0.6319365746586779,0.5146573118674042
0022500810,2026-02-20,2026-02-15,0,0.5457875457875457,0.5014781777048714,0.4344201084219105,0.4599670190878958
0022500811,2026-02-21,2026-02-15,1,0.5457875457875457,0.6242388780344121,0.5138601531988226,0.5915521066172416
0022500812,2026-02-21,2026-02-15,1,0.5457875457875457,0.35918489518609026,0.32872478529320426,0.36402894900012683
0022500813,2026-02-21,2026-02-15,1,0.5457875457875457,0.7108835555291396,0.6771177753823642,0.6389151062173073
0022500814,2026-02-21,2026-02-15,0,0.5457875457875457,0.18277757964369518,0.22431702599918926,0.26580495237799623
0022500815,2026-02-21,2026-02-15,1,0.5457875457875457,0.9253446493903589,0.8708187646542902,0.8519376840411752
0022500816,2026-02-21,2026-02-15,1,0.5457875457875457,0.55623673083043,0.5440184017106388,0.5268765355331938
0022500817,2026-02-22,2026-02-22,1,0.5462085308056872,0.523198619368282,0.6003236028962762,0.579859389401131
0022500818,2026-02-22,2026-02-22,1,0.5462085308056872,0.7171724161358811,0.7040566550167925,0.6611967953470672
0022500819,2026-02-22,2026-02-22,0,0.5462085308056872,0.5127865724252241,0.4599195190750876,0.47135110217448284
0022500820,2026-02-22,2026-02-22,1,0.5462085308056872,0.45406998242049085,0.42184054520774233,0.46311560368798377
0022500821,2026-02-22,2026-02-22,0,0.5462085308056872,0.4731460167866843,0.4961479937070759,0.46317516200054804
0022500822,2026-02-22,2026-02-22,0,0.5462085308056872,0.25366834932220655,0.39545195850276366,0.31693701380981326
0022500823,2026-02-22,2026-02-22,0,0.5462085308056872,0.4183046260221466,0.48993324124299686,0.4287311943786734
0022500824,2026-02-22,2026-02-22,0,0.5462085308056872,0.6608588584347582,0.6062402414513494,0.6082459184773272
0022500825,2026-02-22,2026-02-22,0,0.5462085308056872,0.24536360601594184,0.3084381926600091,0.32348944073803
0022500826,2026-02-22,2026-02-22,0,0.5462085308056872,0.6443002458410091,0.5762370625221628,0.6148657712352693
0022500827,2026-02-22,2026-02-22,0,0.5462085308056872,0.663496173778668,0.4694256945499959,0.5843229785160837
0022500828,2026-02-23,2026-02-22,0,0.5462085308056872,0.5398435333972221,0.550745153633616,0.5296552270354974
0022500829,2026-02-23,2026-02-22,0,0.5462085308056872,0.7112504093335279,0.6702863935194808,0.6619645053924182
0022500830,2026-02-23,2026-02-22,1,0.5462085308056872,0.821861098998418,0.7046003105785231,0.7549821839982559
0022500831,2026-02-24,2026-02-22,0,0.5462085308056872,0.29523358620414636,0.3160102767548723,0.3300060561590891
0022500832,2026-02-24,2026-02-22,1,0.5462085308056872,0.7094312284661969,0.6968888157256715,0.6728518581635807
0022500833,2026-02-24,2026-02-22,0,0.5462085308056872,0.44400779160802956,0.48058592762906477,0.45693119663210335
0022500834,2026-02-24,2026-02-22,0,0.5462085308056872,0.4089795299807635,0.4020725685993492,0.39661056317414606
0022500835,2026-02-24,2026-02-22,1,0.5462085308056872,0.5909532440906934,0.5554845807585458,0.5441325372279242
0022500836,2026-02-24,2026-02-22,0,0.5462085308056872,0.23776333531054578,0.45004625353620115,0.34044928015189097
0022500837,2026-02-24,2026-02-22,1,0.5462085308056872,0.453331181886921,0.4280197312811289,0.4526087153253539
0022500838,2026-02-24,2026-02-22,1,0.5462085308056872,0.38374867188047646,0.3532249833631298,0.3760706836794867
0022500839,2026-02-24,2026-02-22,0,0.5462085308056872,0.35913894982878153,0.41582011525932105,0.41707986743783404
0022500840,2026-02-24,2026-02-22,0,0.5462085308056872,0.591447530736462,0.5596863918557878,0.5576865798455026
0022500841,2026-02-24,2026-02-22,0,0.5462085308056872,0.49890776687821314,0.4793716651754974,0.45909427934801983
0022500842,2026-02-25,2026-02-22,1,0.5462085308056872,0.5427204593193695,0.5228331388993728,0.5025432010083698
0022500843,2026-02-25,2026-02-22,0,0.5462085308056872,0.31318627026860013,0.37905173328656283,0.37475488030643894
0022500844,2026-02-25,2026-02-22,0,0.5462085308056872,0.360477627559182,0.40971071303445117,0.40056522316042903
0022500845,2026-02-25,2026-02-22,1,0.5462085308056872,0.8648405663386486,0.8021516204396903,0.7999622054331906
0022500846,2026-02-25,2026-02-22,1,0.5462085308056872,0.3199436497191918,0.3663341389975884,0.36813918404077034
0022500847,2026-02-25,2026-02-22,1,0.5462085308056872,0.3809009550672222,0.48322407175147075,0.43358343299005453
0022500848,2026-02-26,2026-02-22,0,0.5462085308056872,0.18630087021782982,0.3350011202252728,0.2732816987861998
0022500849,2026-02-26,2026-02-22,1,0.5462085308056872,0.5612743992865175,0.4891936500446232,0.5443607689647761
0022500850,2026-02-26,2026-02-22,1,0.5462085308056872,0.7332789740790439,0.6957327772603541,0.6875893216086866
0022500851,2026-02-26,2026-02-22,0,0.5462085308056872,0.11542523826218747,0.1638549854530685,0.1959692659492015
0022500852,2026-02-26,2026-02-22,0,0.5462085308056872,0.40147324956291836,0.48791659890879363,0.4217836839674573
0022500853,2026-02-26,2026-02-22,0,0.5462085308056872,0.3532384555222619,0.39611453791805556,0.41038633870855584
0022500854,2026-02-26,2026-02-22,0,0.5462085308056872,0.7192359350187312,0.6355146095392068,0.6612532046855193
0022500855,2026-02-26,2026-02-22,1,0.5462085308056872,0.5293641745503203,0.4680450748786203,0.5398478066975458
0022500856,2026-02-26,2026-02-22,0,0.5462085308056872,0.44638172220562217,0.56099073460894,0.48786151571296876
0022500857,2026-02-26,2026-02-22,0,0.5462085308056872,0.5503797862779882,0.4276640769173451,0.49239784185559604
0022500858,2026-02-27,2026-02-22,1,0.5462085308056872,0.585871051497412,0.6186590848978473,0.5813898175454212
0022500859,2026-02-27,2026-02-22,1,0.5462085308056872,0.882318379386494,0.7942749208304182,0.8113763024946746
0022500860,2026-02-27,2026-02-22,0,0.5462085308056872,0.41207412752375516,0.41857815101706436,0.40877781718738015
0022500861,2026-02-27,2026-02-22,0,0.5462085308056872,0.6059976207490791,0.5074631188762975,0.5525095733709836
0022500862,2026-02-27,2026-02-22,1,0.5462085308056872,0.6498982143879657,0.5975248178971062,0.6262060904900385
0022500863,2026-02-28,2026-02-22,1,0.5462085308056872,0.7027355213473504,0.5024289032523941,0.624915036829502
0022500864,2026-02-28,2026-02-22,1,0.5462085308056872,0.4084811137766061,0.42420571843355204,0.42839328026617474
0022500865,2026-02-28,2026-02-22,0,0.5462085308056872,0.2777940266879174,0.24514114847855675,0.3092109456945316
0022500866,2026-02-28,2026-02-22,0,0.5462085308056872,0.5637813133074228,0.47537488637295394,0.5447998839725569
0022500867,2026-02-28,2026-02-22,0,0.5462085308056872,0.39717413176178434,0.5198166988064755,0.45975720394154906
0022500868,2026-03-01,2026-03-01,1,0.5374301675977654,0.3984552004173888,0.4061384637551969,0.4160158948016393
0022500869,2026-03-01,2026-03-01,0,0.5374301675977654,0.1544821580140501,0.22121842038893558,0.22637415180076284
0022500870,2026-03-01,2026-03-01,1,0.5374301675977654,0.34239778238155955,0.4283322152154416,0.40654108428604413
0022500871,2026-03-01,2026-03-01,0,0.5374301675977654,0.5517572651629346,0.5581994566053294,0.5207445491420657
0022500872,2026-03-01,2026-03-01,0,0.5374301675977654,0.4434205642786633,0.4011657197663218,0.42407714069295943
0022500873,2026-03-01,2026-03-01,1,0.5374301675977654,0.5561683382359546,0.5322322274494027,0.5307087496004116
0022500874,2026-03-01,2026-03-01,1,0.5374301675977654,0.6788986971062879,0.6193191182178676,0.6297449341414555
0022500875,2026-03-01,2026-03-01,0,0.5374301675977654,0.2719252596549627,0.3486932739294882,0.32041143616710366
0022500876,2026-03-01,2026-03-01,0,0.5374301675977654,0.1829372651241815,0.1929860813701307,0.22543010569614147
0022500877,2026-03-01,2026-03-01,1,0.5374301675977654,0.6648788895233466,0.6320903804915508,0.6396683464573946
0022500878,2026-03-01,2026-03-01,1,0.5374301675977654,0.8058172206888025,0.7937734376036671,0.7447564259734123
0022500879,2026-03-02,2026-03-01,0,0.5374301675977654,0.2086780798863283,0.2118309445111963,0.23657850614074744
0022500880,2026-03-02,2026-03-01,0,0.5374301675977654,0.2707745176299121,0.34125817775151857,0.3004346123915082
0022500881,2026-03-02,2026-03-01,0,0.5374301675977654,0.23315557391445937,0.27380628579906396,0.2676850657651983
0022500882,2026-03-02,2026-03-01,0,0.5374301675977654,0.46651397850293186,0.5278118475990181,0.49670744506145115
0022500883,2026-03-03,2026-03-01,1,0.5374301675977654,0.8517092752989983,0.6646845922026513,0.7402308406018591
0022500884,2026-03-03,2026-03-01,1,0.5374301675977654,0.46911668354553276,0.400024990311048,0.4450654299691919
0022500885,2026-03-03,2026-03-01,1,0.5374301675977654,0.742447296038914,0.7566772976731413,0.6985434697367895
0022500886,2026-03-03,2026-03-01,1,0.5374301675977654,0.812724148847219,0.7766685393376035,0.7343522823863733
0022500887,2026-03-03,2026-03-01,0,0.5374301675977654,0.39426949943708434,0.4656403376159249,0.4295435389703781
0022500888,2026-03-03,2026-03-01,0,0.5374301675977654,0.31954668849392975,0.3158411848440994,0.35704049072773775
0022500889,2026-03-03,2026-03-01,0,0.5374301675977654,0.17138078527545006,0.22098387446395443,0.2096389641117628
0022500890,2026-03-03,2026-03-01,1,0.5374301675977654,0.773861763463923,0.6977704488986518,0.7059106408648442
0022500891,2026-03-03,2026-03-01,1,0.5374301675977654,0.6928835895235719,0.738707697069366,0.6659857039402309
0022500892,2026-03-03,2026-03-01,0,0.5374301675977654,0.2702994655574561,0.24597720389198938,0.273166704980107
0022500893,2026-03-04,2026-03-01,0,0.5374301675977654,0.5286513778411928,0.4462613260130716,0.45119512349184043
0022500894,2026-03-04,2026-03-01,0,0.5374301675977654,0.5908764773801988,0.6717638531689352,0.5905129334925477
0022500895,2026-03-04,2026-03-01,1,0.5374301675977654,0.8088276650751477,0.6811721100641197,0.7351872857842434
0022500896,2026-03-04,2026-03-01,0,0.5374301675977654,0.4296671552791618,0.45188232351531205,0.44179877079208246
0022500897,2026-03-04,2026-03-01,0,0.5374301675977654,0.423413168714951,0.43164769661988206,0.4356797798162433
0022500898,2026-03-04,2026-03-01,1,0.5374301675977654,0.8587232622510439,0.7378794854164717,0.769637818160739
0022500899,2026-03-05,2026-03-01,1,0.5374301675977654,0.7121905240020582,0.7191062893132093,0.6440261527982161
0022500900,2026-03-05,2026-03-01,0,0.5374301675977654,0.5565983538761972,0.4706611236180489,0.506044136155295
0022500901,2026-03-05,2026-03-01,1,0.5374301675977654,0.8294634861619995,0.7868337480689477,0.7503202349602277
0022500902,2026-03-05,2026-03-01,0,0.5374301675977654,0.7119851152241087,0.6438073104383748,0.6357241141943739
0022500903,2026-03-05,2026-03-01,1,0.5374301675977654,0.6315939776625328,0.5585400840013639,0.5890213824545555
0022500904,2026-03-05,2026-03-01,1,0.5374301675977654,0.5833077724975181,0.5230118592300491,0.5395118955353537
0022500905,2026-03-05,2026-03-01,0,0.5374301675977654,0.7525380375751745,0.659532936102405,0.6979820990838314
0022500906,2026-03-05,2026-03-01,1,0.5374301675977654,0.5486392059684769,0.5078666539218398,0.5491713264472463
0022500907,2026-03-05,2026-03-01,0,0.5374301675977654,0.3609064399474089,0.4271521407081369,0.40091016489111364
0022500908,2026-03-06,2026-03-01,1,0.5374301675977654,0.8652300767644255,0.7910194782472819,0.7900443748174112
0022500909,2026-03-06,2026-03-01,0,0.5374301675977654,0.715705310349451,0.48331748750046544,0.6153447880495101
0022500910,2026-03-06,2026-03-01,1,0.5374301675977654,0.6736323573894399,0.650142582645445,0.6393260414925261
0022500911,2026-03-06,2026-03-01,0,0.5374301675977654,0.4125172360724663,0.510335716343129,0.4568379134287804
0022500912,2026-03-06,2026-03-01,1,0.5374301675977654,0.6425734467533284,0.6904880480885613,0.6588298194187098
0022500913,2026-03-06,2026-03-01,1,0.5374301675977654,0.7537408412359092,0.7252528434418448,0.6911569613631793
0022500914,2026-03-06,2026-03-01,1,0.5374301675977654,0.8419687518526786,0.8176115706719436,0.766093475217818
0022500915,2026-03-07,2026-03-01,0,0.5374301675977654,0.7027865600101605,0.567010188816283,0.6423610045609663
0022500916,2026-03-07,2026-03-01,0,0.5374301675977654,0.9181012362920942,0.8732651769657961,0.8531789222389994
0022500917,2026-03-07,2026-03-01,1,0.5374301675977654,0.5715446865088445,0.5259971326328592,0.5160355585734014
0022500918,2026-03-07,2026-03-01,0,0.5374301675977654,0.2836644476211099,0.39007841739448873,0.34911218939578825
0022500919,2026-03-07,2026-03-01,1,0.5374301675977654,0.6814043211785341,0.6152678988753252,0.6284846579120832
0022500920,2026-03-07,2026-03-01,1,0.5374301675977654,0.7997339918738083,0.742122189734332,0.7301203360552869
0022500921,2026-03-08,2026-03-08,0,0.5358649789029536,0.5611983969735203,0.4671372335437551,0.48910712681379603
0022500922,2026-03-08,2026-03-08,1,0.5358649789029536,0.34775930740092564,0.4587577682060797,0.3896976327735315
0022500923,2026-03-08,2026-03-08,1,0.5358649789029536,0.41580330355792794,0.4025370272833723,0.3917385047986784
0022500924,2026-03-08,2026-03-08,1,0.5358649789029536,0.7578391952808667,0.7218825378236969,0.685210274299129
0022500925,2026-03-08,2026-03-08,1,0.5358649789029536,0.730127283080268,0.5988526136387082,0.6372878990497787
0022500926,2026-03-08,2026-03-08,0,0.5358649789029536,0.4113348385216019,0.3657110153527859,0.42266305215616173
0022500927,2026-03-08,2026-03-08,1,0.5358649789029536,0.7320588457393942,0.6147271431283863,0.6415098291815866
0022500928,2026-03-08,2026-03-08,1,0.5358649789029536,0.3491666562549544,0.5227342147078041,0.4255709633394658
0022500929,2026-03-08,2026-03-08,1,0.5358649789029536,0.7918691510492527,0.7301412001094258,0.7187748768936949
0022500930,2026-03-08,2026-03-08,1,0.5358649789029536,0.4090493742471547,0.33629719716491974,0.39779723327849015
0022500931,2026-03-09,2026-03-08,1,0.5358649789029536,0.7141338637244055,0.567966289694605,0.6275986873046635
0022500932,2026-03-09,2026-03-08,1,0.5358649789029536,0.4547888722905171,0.40767410440180635,0.4294048188183883
0022500933,2026-03-09,2026-03-08,1,0.5358649789029536,0.7403301319322289,0.6581865728104994,0.6779288080796567
0022500934,2026-03-09,2026-03-08,1,0.5358649789029536,0.30926575333989687,0.32838859534777387,0.31686933746500684
0022500935,2026-03-09,2026-03-08,1,0.5358649789029536,0.4240156232939561,0.3882617810156096,0.4201238831957299
0022500936,2026-03-10,2026-03-08,1,0.5358649789029536,0.7347037629307609,0.6767607340567848,0.6618987681053448
0022500937,2026-03-10,2026-03-08,0,0.5358649789029536,0.17233828852383157,0.19575554551087387,0.19992357340912933
0022500938,2026-03-10,2026-03-08,1,0.5358649789029536,0.8781536803858796,0.8067412495662342,0.7969947079145743
0022500939,2026-03-10,2026-03-08,1,0.5358649789029536,0.8055073788259104,0.7575440261483023,0.7045738315214258
0022500940,2026-03-10,2026-03-08,1,0.5358649789029536,0.6224309374362684,0.5654421410802992,0.5836374099824212
0022500941,2026-03-10,2026-03-08,0,0.5358649789029536,0.36507231509045857,0.35516686161453614,0.3714058501313572
0022500942,2026-03-10,2026-03-08,1,0.5358649789029536,0.6536788226537052,0.6068957021499779,0.5836892089555917
0022500943,2026-03-10,2026-03-08,0,0.5358649789029536,0.6983894533821444,0.6185511209322107,0.6536434945529938
0022500944,2026-03-10,2026-03-08,0,0.5358649789029536,0.3551877720988096,0.49725245673596224,0.3891443216513909
0022500945,2026-03-10,2026-03-08,1,0.5358649789029536,0.5955942163230454,0.5824199165263467,0.5339607537294846
0022500946,2026-03-10,2026-03-08,1,0.5358649789029536,0.5549204505243597,0.5737442149432163,0.4892893629634126
0022500947,2026-03-11,2026-03-08,1,0.5358649789029536,0.3991239608210027,0.5154972525013101,0.4086288388179964
0022500948,2026-03-11,2026-03-08,1,0.5358649789029536,0.440239818080588,0.32434533956550315,0.38816835017007817
0022500949,2026-03-11,2026-03-08,0,0.5358649789029536,0.1633975031107636,0.24004415096374584,0.21541098413112084
0022500950,2026-03-11,2026-03-08,1,0.5358649789029536,0.46745401033695844,0.46292924738052676,0.4688586304319367
0022500951,2026-03-11,2026-03-08,0,0.5358649789029536,0.16257665135729454,0.2923804592515497,0.21100679640851955
0022500952,2026-03-11,2026-03-08,1,0.5358649789029536,0.6078268727768529,0.4983295595618313,0.5122113003463526
0022500953,2026-03-12,2026-03-08,1,0.5358649789029536,0.7306102568558067,0.6833295696565448,0.6718054908207719
0022500954,2026-03-12,2026-03-08,0,0.5358649789029536,0.18426682899477065,0.19185996611489478,0.22666971236091432
0022500955,2026-03-12,2026-03-08,1,0.5358649789029536,0.8658700311015725,0.834210402628777,0.7828786157960371
0022500956,2026-03-12,2026-03-08,1,0.5358649789029536,0.8299610672411698,0.803626078068578,0.7494495972302078
0022500957,2026-03-12,2026-03-08,1,0.5358649789029536,0.7978685676861106,0.7169825751363201,0.6980675937651873
0022500958,2026-03-12,2026-03-08,0,0.5358649789029536,0.7870691683232066,0.6836139818047476,0.690834883098829
0022500959,2026-03-12,2026-03-08,1,0.5358649789029536,0.6062503566509236,0.6343663160988423,0.5821061015220605
0022500960,2026-03-12,2026-03-08,1,0.5358649789029536,0.8054625405804786,0.7407721280193178,0.7170851705610515
0022501111,2026-03-12,2026-03-08,0,0.5358649789029536,0.5692733416277097,0.6161907555402759,0.5404287642214731
0022500961,2026-03-13,2026-03-08,1,0.5358649789029536,0.8919810622442881,0.8059950960114113,0.8147410393859679
0022500962,2026-03-13,2026-03-08,0,0.5358649789029536,0.11069813693897906,0.1410322940924952,0.1682715866844722
0022500963,2026-03-13,2026-03-08,1,0.5358649789029536,0.45590373494148384,0.4426143475786538,0.4568599456271907
0022500964,2026-03-13,2026-03-08,1,0.5358649789029536,0.6966829365016683,0.7203553974219116,0.6955901457631407
0022500965,2026-03-13,2026-03-08,0,0.5358649789029536,0.1940810843980762,0.25365787331259065,0.2555144340910857
0022500966,2026-03-13,2026-03-08,0,0.5358649789029536,0.4224199747795332,0.44736379659480585,0.4311900091220187
0022500967,2026-03-13,2026-03-08,1,0.5358649789029536,0.7605277493887523,0.6833349806773126,0.693688353823369
0022500968,2026-03-13,2026-03-08,1,0.5358649789029536,0.8301705501097135,0.6645596918651732,0.7320510069288462
0022500969,2026-03-14,2026-03-08,1,0.5358649789029536,0.7814187553466995,0.7436329082991834,0.7289122980217656
0022500970,2026-03-14,2026-03-08,1,0.5358649789029536,0.7783213103857115,0.7635392197918541,0.6809860655857394
0022500971,2026-03-14,2026-03-08,1,0.5358649789029536,0.9215853589755425,0.8660863188776795,0.8652048575704169
0022500972,2026-03-14,2026-03-08,0,0.5358649789029536,0.6009683894479332,0.522722247874961,0.559604334531177
0022500973,2026-03-14,2026-03-08,1,0.5358649789029536,0.6867800441505356,0.7333474108185252,0.6441658119635217
0022500974,2026-03-14,2026-03-08,1,0.5358649789029536,0.5500509481856368,0.6133000952762182,0.5021475851955064
0022500975,2026-03-14,2026-03-08,0,0.5358649789029536,0.8785696273184835,0.7944115882903495,0.803838553824096
0022500976,2026-03-15,2026-03-15,1,0.545816733067729,0.7565008214984764,0.7051374957996149,0.700020604902165
0022500977,2026-03-15,2026-03-15,0,0.545816733067729,0.8749201940638728,0.8040983817312396,0.8020683651441195
0022500978,2026-03-15,2026-03-15,1,0.545816733067729,0.337472395246844,0.36803439845498565,0.3643052434801258
0022500979,2026-03-15,2026-03-15,1,0.545816733067729,0.7216826614093833,0.6944485901056374,0.6791767113703551
0022500980,2026-03-15,2026-03-15,1,0.545816733067729,0.5720645479915873,0.5206868559797188,0.5652247579321485
0022500981,2026-03-15,2026-03-15,1,0.545816733067729,0.8166692566759584,0.70294613330558,0.7170217724593211
0022500982,2026-03-15,2026-03-15,1,0.545816733067729,0.5987168732962327,0.5200047169935681,0.5359817213474983
0022500983,2026-03-16,2026-03-15,1,0.545816733067729,0.5431282502611623,0.5442094791582045,0.5366980626545156
0022500984,2026-03-16,2026-03-15,0,0.545816733067729,0.33221258478574806,0.330403153079074,0.3204985996001307
0022500985,2026-03-16,2026-03-15,0,0.545816733067729,0.3193835220164849,0.33459101393795,0.3442683924137683
0022500986,2026-03-16,2026-03-15,1,0.545816733067729,0.7020116537642332,0.555814475616745,0.6477677074967899
0022500987,2026-03-16,2026-03-15,1,0.545816733067729,0.6044276623468552,0.6200927088582762,0.5513253995385787
0022500988,2026-03-16,2026-03-15,1,0.545816733067729,0.6557344976940158,0.5773824714867075,0.5830681426712286
0022500989,2026-03-16,2026-03-15,0,0.545816733067729,0.5169064585075743,0.4510539383881174,0.5475947075494064
0022500990,2026-03-16,2026-03-15,0,0.545816733067729,0.3155552299260029,0.33974600184732606,0.3471267655260211
0022500991,2026-03-17,2026-03-15,1,0.545816733067729,0.6097828210994084,0.4386195680468322,0.5761266468312455
0022500992,2026-03-17,2026-03-15,0,0.545816733067729,0.3381033551965348,0.3788305195586977,0.32901945008513456
0022500993,2026-03-17,2026-03-15,0,0.545816733067729,0.11810791353054645,0.15414807318120702,0.1562900807234572
0022500994,2026-03-17,2026-03-15,1,0.545816733067729,0.9314383968951316,0.8760511330469316,0.874074580055494
0022500995,2026-03-17,2026-03-15,0,0.545816733067729,0.2545181208894272,0.33568257332578844,0.3047373003532895
0022500996,2026-03-17,2026-03-15,1,0.545816733067729,0.5554381131079604,0.4846856644695828,0.5464459219965944
0022500997,2026-03-17,2026-03-15,1,0.545816733067729,0.6474328025427969,0.6127248126860968,0.6069446027237881
0022500998,2026-03-17,2026-03-15,0,0.545816733067729,0.10592305675900984,0.1471250765757187,0.1442452016424983
0022500651,2026-03-18,2026-03-15,1,0.545816733067729,0.17988967534913491,0.24850863537738396,0.2587548803039276
0022500999,2026-03-18,2026-03-15,1,0.545816733067729,0.8273859153626653,0.6878173859154438,0.7431055162392102
0022501000,2026-03-18,2026-03-15,0,0.545816733067729,0.08925650802175344,0.11880944679119883,0.12959614756345225
0022501001,2026-03-18,2026-03-15,0,0.545816733067729,0.215462818061339,0.24186862179476737,0.27211602416841874
0022501002,2026-03-18,2026-03-15,0,0.545816733067729,0.3274458343899326,0.42440956293761883,0.3577002354852105
0022501004,2026-03-18,2026-03-15,1,0.545816733067729,0.8470278614086328,0.7619299637931018,0.8006591673903338
0022501005,2026-03-18,2026-03-15,1,0.545816733067729,0.40460883292275074,0.3645214003219079,0.38904266906401364
0022501006,2026-03-18,2026-03-15,0,0.545816733067729,0.24687374365374473,0.24617925013233377,0.31143322383715805
0022501007,2026-03-18,2026-03-15,0,0.545816733067729,0.4642567374587502,0.455075548991267,0.5193612691663995
0022501008,2026-03-19,2026-03-15,1,0.545816733067729,0.6753220033820364,0.4477589799510391,0.6266620990076244
0022501009,2026-03-19,2026-03-15,0,0.545816733067729,0.11002436320114105,0.1395746944018968,0.14879819922666088
0022501010,2026-03-19,2026-03-15,0,0.545816733067729,0.4590129019096517,0.44179834339947155,0.4815893753121767
0022501011,2026-03-19,2026-03-15,0,0.545816733067729,0.21696206598969311,0.346259370186943,0.26786747694080293
0022501012,2026-03-19,2026-03-15,1,0.545816733067729,0.4736980974704484,0.42617507020339573,0.4251333897087842
0022501013,2026-03-19,2026-03-15,1,0.545816733067729,0.8345006500908908,0.7083219933303178,0.7471067266370275
0022501014,2026-03-19,2026-03-15,1,0.545816733067729,0.4271405910440581,0.43218542959805134,0.42789852021588193
0022501015,2026-03-19,2026-03-15,0,0.545816733067729,0.3342964698148698,0.32380994066179347,0.3181596857918207
0022501016,2026-03-20,2026-03-15,0,0.545816733067729,0.12393382879600874,0.19156197569888822,0.18083156919583412
0022501017,2026-03-20,2026-03-15,1,0.545816733067729,0.8183554469376229,0.7678126332256983,0.7490019151004562
0022501018,2026-03-20,2026-03-15,1,0.545816733067729,0.46240246659568784,0.48348501031055907,0.5251919989153154
0022501019,2026-03-20,2026-03-15,0,0.545816733067729,0.1424675927053906,0.24839826800951276,0.20669568129008228
0022501020,2026-03-20,2026-03-15,0,0.545816733067729,0.6411601101119676,0.5758905603714486,0.6287540409920396
0022501021,2026-03-20,2026-03-15,1,0.545816733067729,0.5796449199667023,0.5659678095664028,0.5733552903741771
0022501022,2026-03-21,2026-03-15,0,0.545816733067729,0.06491405226122186,0.09718596883983455,0.10413398423469149
0022501023,2026-03-21,2026-03-15,1,0.545816733067729,0.8961967080095724,0.7126810778840522,0.8087631202563453
0022501024,2026-03-21,2026-03-15,0,0.545816733067729,0.3997451318530981,0.43974143985189756,0.43560789306153413
0022501025,2026-03-21,2026-03-15,0,0.545816733067729,0.385337097038919,0.3338860218387326,0.34884924036159737
0022501026,2026-03-21,2026-03-15,1,0.545816733067729,0.7563821456016666,0.6470727738036343,0.653274117517065
0022501027,2026-03-21,2026-03-15,1,0.545816733067729,0.5696523052424632,0.580108714949643,0.5750668437221522
0022501028,2026-03-21,2026-03-15,1,0.545816733067729,0.9671756713702603,0.9238426310345652,0.9247912224167442
0022501029,2026-03-21,2026-03-15,0,0.545816733067729,0.30292971942874236,0.3458182312876563,0.33774766842211085
0022501030,2026-03-21,2026-03-15,0,0.545816733067729,0.27958286314403474,0.3249193866248314,0.30764507100238503
0022501031,2026-03-21,2026-03-15,0,0.545816733067729,0.7733553886236872,0.7236926851624572,0.7171863107993786
0022501032,2026-03-22,2026-03-22,1,0.5443396226415095,0.6478070203312442,0.5993376430436671,0.6349352677369959
0022501033,2026-03-22,2026-03-22,1,0.5443396226415095,0.6130406073726031,0.5712710185245712,0.556754240951732
0022501034,2026-03-22,2026-03-22,1,0.5443396226415095,0.9367142653528374,0.8813969913993035,0.8913204863435761
0022501035,2026-03-22,2026-03-22,0,0.5443396226415095,0.7310478196409533,0.6384340105702057,0.6678202619765782
0022501036,2026-03-22,2026-03-22,1,0.5443396226415095,0.49172695421547546,0.5258105480676928,0.5228681111562448
0022501037,2026-03-23,2026-03-22,1,0.5443396226415095,0.8536235451436143,0.7764308614388238,0.7764794071220303
0022501038,2026-03-23,2026-03-22,1,0.5443396226415095,0.5538662980717791,0.606383622160773,0.6038581916304079
0022501039,2026-03-23,2026-03-22,0,0.5443396226415095,0.8879532662044486,0.8396934034754227,0.8239101703651815
0022501040,2026-03-23,2026-03-22,0,0.5443396226415095,0.2635489507553041,0.28694905277373806,0.29056853049410364
0022501041,2026-03-23,2026-03-22,0,0.5443396226415095,0.2544074598197061,0.29006628702329584,0.3025897324733091
0022501042,2026-03-23,2026-03-22,1,0.5443396226415095,0.2564820407447605,0.3622537285452062,0.2871953153821384
0022501043,2026-03-23,2026-03-22,0,0.5443396226415095,0.26009037928044154,0.2719192888161531,0.28571145370237494
0022501044,2026-03-23,2026-03-22,0,0.5443396226415095,0.44946334556893847,0.3801224544068281,0.416597247995897
0022501045,2026-03-23,2026-03-22,1,0.5443396226415095,0.8229160873118098,0.7961608256035749,0.7684452254564942
0022501046,2026-03-23,2026-03-22,1,0.5443396226415095,0.7774149960552383,0.6505821928532153,0.7127609417285017
0022501047,2026-03-24,2026-03-22,1,0.5443396226415095,0.8928298528158334,0.720598524568176,0.8468918752333455
0022501048,2026-03-24,2026-03-22,1,0.5443396226415095,0.7659467024010524,0.7698416118225325,0.7556492118208491
0022501049,2026-03-24,2026-03-22,1,0.5443396226415095,0.7022394316029801,0.6428873470275562,0.6668480667866057
0022501050,2026-03-24,2026-03-22,0,0.5443396226415095,0.4462584692118407,0.4628586659628184,0.4722785978422556
0022501051,2026-03-25,2026-03-22,0,0.5443396226415095,0.65031029671452,0.707612749330424,0.654810948790793
0022501052,2026-03-25,2026-03-22,0,0.5443396226415095,0.10194551595418967,0.15316243223427461,0.16624276211562317
0022501053,2026-03-25,2026-03-22,1,0.5443396226415095,0.7328117793707785,0.6659653438040635,0.6990772734823707
0022501054,2026-03-25,2026-03-22,1,0.5443396226415095,0.40772514527448067,0.3540542163086371,0.4279942689362599
0022501055,2026-03-25,2026-03-22,0,0.5443396226415095,0.6946616485929183,0.6734565277274746,0.6543438272546213
0022501056,2026-03-25,2026-03-22,0,0.5443396226415095,0.07449103509333432,0.134049828256351,0.13263656002690544
0022501057,2026-03-25,2026-03-22,0,0.5443396226415095,0.6369581858194896,0.632013177193614,0.6057342658254283
0022501058,2026-03-25,2026-03-22,1,0.5443396226415095,0.5970469056157659,0.5511394525474033,0.5600842930321286
0022501059,2026-03-25,2026-03-22,1,0.5443396226415095,0.8620485423352592,0.8342057172147791,0.8078388988943819
0022501060,2026-03-25,2026-03-22,1,0.5443396226415095,0.7570782033521383,0.7696187411122096,0.7393319004091774
0022501061,2026-03-25,2026-03-22,1,0.5443396226415095,0.7546263506631123,0.6869543623608699,0.6876514642440321
0022501062,2026-03-25,2026-03-22,1,0.5443396226415095,0.5797768626672362,0.48750052097939195,0.5500241416285203
0022501063,2026-03-26,2026-03-22,1,0.5443396226415095,0.552908120451132,0.4044787596622201,0.5189240976131485
0022501064,2026-03-26,2026-03-22,1,0.5443396226415095,0.7669169389135332,0.8286731042150043,0.7790711481294079
0022501065,2026-03-26,2026-03-22,1,0.5443396226415095,0.7846646436505581,0.755453338674498,0.758930887580375
0022501066,2026-03-27,2026-03-22,0,0.5443396226415095,0.1477216977624076,0.2502083030448907,0.20187663965937458
0022501067,2026-03-27,2026-03-22,1,0.5443396226415095,0.6517329894677687,0.5974061339881228,0.6474777328374159
0022501068,2026-03-27,2026-03-22,1,0.5443396226415095,0.6079998683706924,0.6436586798667884,0.6104044206273718
0022501069,2026-03-27,2026-03-22,0,0.5443396226415095,0.24785665751866973,0.26371860264315217,0.2788328285397221
0022501070,2026-03-27,2026-03-22,1,0.5443396226415095,0.9130003639628713,0.85820833820721,0.877589179538946
0022501071,2026-03-27,2026-03-22,1,0.5443396226415095,0.6002474890501932,0.7283671726608533,0.6398591056320251
0022501072,2026-03-27,2026-03-22,1,0.5443396226415095,0.9053643972486908,0.8480972235424586,0.8524376871271482
0022501073,2026-03-27,2026-03-22,1,0.5443396226415095,0.764208702679468,0.7636272094060044,0.7548545445584097
0022501074,2026-03-27,2026-03-22,0,0.5443396226415095,0.7974634045345781,0.770246862106377,0.7360231313924823
0022501075,2026-03-27,2026-03-22,1,0.5443396226415095,0.9232260543653965,0.8748466933924928,0.8623961970715392
0022501076,2026-03-28,2026-03-22,0,0.5443396226415095,0.0828269348026024,0.1782173670377822,0.1430053529276234
0022501077,2026-03-28,2026-03-22,0,0.5443396226415095,0.7619910377133347,0.5487243423797379,0.6807401306544824
0022501078,2026-03-28,2026-03-22,1,0.5443396226415095,0.8569717873745997,0.820915335216822,0.8178060800500018
0022501079,2026-03-28,2026-03-22,1,0.5443396226415095,0.4637620348569231,0.4213469203949344,0.4918577202756505
0022501080,2026-03-28,2026-03-22,0,0.5443396226415095,0.4274444141598656,0.43016735917874943,0.42958059618770567
0022501081,2026-03-28,2026-03-22,1,0.5443396226415095,0.8508085295593024,0.7982539373358166,0.808082945680381
0022501082,2026-03-29,2026-03-29,0,0.5486486486486486,0.2412490666077054,0.39187429364952375,0.3012029465620809
0022501083,2026-03-29,2026-03-29,1,0.5486486486486486,0.15146996510258634,0.2729671268248992,0.2105237463243869
0022501084,2026-03-29,2026-03-29,1,0.5486486486486486,0.4902033654618615,0.5179010087858544,0.5056801232872021
0022501085,2026-03-29,2026-03-29,0,0.5486486486486486,0.5018515257055047,0.41907532815247855,0.4872627289745119
0022501086,2026-03-29,2026-03-29,1,0.5486486486486486,0.5779951923720109,0.6107955201747182,0.56670891958675
0022501087,2026-03-29,2026-03-29,1,0.5486486486486486,0.8477573440293767,0.8165819216995225,0.7963698159981187
0022501088,2026-03-29,2026-03-29,0,0.5486486486486486,0.3745409381265173,0.2775609393489531,0.37238085537734245
0022501089,2026-03-29,2026-03-29,1,0.5486486486486486,0.6894707950338151,0.6973794335533681,0.6622316110562503
0022501090,2026-03-29,2026-03-29,1,0.5486486486486486,0.7658439520671774,0.6968989820653557,0.7087944858047122
0022501091,2026-03-30,2026-03-29,1,0.5486486486486486,0.51757054251064,0.42069534000821507,0.5192294821763598
0022501092,2026-03-30,2026-03-29,1,0.5486486486486486,0.37815979494792656,0.42757834992031585,0.40072323401155996
0022501093,2026-03-30,2026-03-29,0,0.5486486486486486,0.24371728331609466,0.2773938876449252,0.2916574091001419
0022501094,2026-03-30,2026-03-29,1,0.5486486486486486,0.9460432725685508,0.8758094043145236,0.9000731809556487
0022501095,2026-03-30,2026-03-29,0,0.5486486486486486,0.24226678882778888,0.24748806240312582,0.2824818825333142
0022501096,2026-03-30,2026-03-29,0,0.5486486486486486,0.11320525011218165,0.20177519401979455,0.17073802806053204
0022501097,2026-03-30,2026-03-29,1,0.5486486486486486,0.6422305165249315,0.6426000543643672,0.6151444925508525
0022501098,2026-03-30,2026-03-29,1,0.5486486486486486,0.9313641261278108,0.8905334760759097,0.8817744701706106
0022500652,2026-03-31,2026-03-29,1,0.5486486486486486,0.5588570151225397,0.5950345734848956,0.554907220230293
0022501099,2026-03-31,2026-03-29,1,0.5486486486486486,0.47714042169500015,0.427209477854474,0.4748463065359608
0022501100,2026-03-31,2026-03-29,0,0.5486486486486486,0.11923699188911414,0.2584020533923217,0.17725835350725672
0022501101,2026-03-31,2026-03-29,1,0.5486486486486486,0.7481695526136544,0.6877204780539244,0.7056716509257709
0022501102,2026-03-31,2026-03-29,1,0.5486486486486486,0.45662752546881186,0.5317715184486682,0.47746910742159926
0022501103,2026-03-31,2026-03-29,1,0.5486486486486486,0.5646722212827529,0.6077099985420161,0.5399364901157003
0022501104,2026-03-31,2026-03-29,0,0.5486486486486486,0.6641854250260093,0.5120828298381006,0.6243065576165667
0022501003,2026-04-01,2026-03-29,0,0.5486486486486486,0.14626498500677543,0.23131540970751371,0.20790676789180204
0022501105,2026-04-01,2026-03-29,0,0.5486486486486486,0.177400891182541,0.21022904025869096,0.22884921128287888
0022501106,2026-04-01,2026-03-29,0,0.5486486486486486,0.32061013202525007,0.3507004438385926,0.3578279970770387
0022501107,2026-04-01,2026-03-29,0,0.5486486486486486,0.40706374436676146,0.459982615625133,0.43581860178272863
0022501108,2026-04-01,2026-03-29,0,0.5486486486486486,0.8608797386646091,0.848168970846571,0.812716935910955
0022501109,2026-04-01,2026-03-29,0,0.5486486486486486,0.6885965444503555,0.7087574696369228,0.6576077152742948
0022501110,2026-04-01,2026-03-29,1,0.5486486486486486,0.8498060399547828,0.7991524599110412,0.7945721825524931
0022501112,2026-04-01,2026-03-29,0,0.5486486486486486,0.11509774475759643,0.1767030226644034,0.17099947128832357
0022501113,2026-04-01,2026-03-29,0,0.5486486486486486,0.13064192049620296,0.21971503195110262,0.19873014857450028
0022501114,2026-04-02,2026-03-29,1,0.5486486486486486,0.7022255350684864,0.5213171450318009,0.6449352773857904
0022501115,2026-04-02,2026-03-29,1,0.5486486486486486,0.7173694248888693,0.6525065961123876,0.6727052847006961
0022501116,2026-04-02,2026-03-29,1,0.5486486486486486,0.7123225953045936,0.692612847259355,0.6872161390288176
0022501117,2026-04-02,2026-03-29,0,0.5486486486486486,0.288978431545209,0.3778680263534619,0.3422366813606838
0022501118,2026-04-02,2026-03-29,1,0.5486486486486486,0.6948497555375259,0.7724735982347084,0.6658398078879383
0022501119,2026-04-02,2026-03-29,0,0.5486486486486486,0.22440920809092632,0.24292112599438145,0.28072916287571054
0022501120,2026-04-03,2026-03-29,1,0.5486486486486486,0.924244364750513,0.8158616695659976,0.876674716786349
0022501121,2026-04-03,2026-03-29,1,0.5486486486486486,0.4954906187811074,0.4709819895118179,0.4885997732710117
0022501122,2026-04-03,2026-03-29,0,0.5486486486486486,0.12016099770278645,0.20711542011885234,0.18032465658584368
0022501123,2026-04-03,2026-03-29,1,0.5486486486486486,0.8934404113759602,0.7983441274588229,0.8368496582134283
0022501124,2026-04-03,2026-03-29,1,0.5486486486486486,0.9189566506525346,0.8668798001478502,0.8689059022044748
0022501125,2026-04-03,2026-03-29,0,0.5486486486486486,0.2394668515823009,0.27018255946958863,0.29273951865820125
0022501126,2026-04-03,2026-03-29,0,0.5486486486486486,0.12175616860021206,0.2388052219932709,0.18060027315202795
0022501127,2026-04-03,2026-03-29,0,0.5486486486486486,0.30459895906071804,0.36051367780178334,0.34525062288879377
0022501128,2026-04-03,2026-03-29,1,0.5486486486486486,0.38865492391279877,0.47549081137298405,0.4121011482774815
0022501129,2026-04-04,2026-03-29,1,0.5486486486486486,0.880670576478435,0.8062066903369253,0.8304309917115877
0022501130,2026-04-04,2026-03-29,1,0.5486486486486486,0.2874321426915816,0.3604408936632803,0.34122970647987827
0022501131,2026-04-04,2026-03-29,0,0.5486486486486486,0.32565764277182657,0.4056447767754912,0.35553403385820825
0022501132,2026-04-05,2026-04-05,1,0.5486649440137812,0.7937720921399295,0.6600915778782829,0.739294822744631
0022501133,2026-04-05,2026-04-05,1,0.5486649440137812,0.6065241846016233,0.5855493074623838,0.5862111237336315
0022501134,2026-04-05,2026-04-05,0,0.5486649440137812,0.24424617240901705,0.3084307768701951,0.30228077376509943
0022501135,2026-04-05,2026-04-05,1,0.5486649440137812,0.6369262076483524,0.6628159285439517,0.609782829159628
0022501136,2026-04-05,2026-04-05,1,0.5486649440137812,0.9254015316209872,0.8500573165073696,0.8732305691102633
0022501137,2026-04-05,2026-04-05,0,0.5486649440137812,0.4296604125765801,0.6032130882979464,0.45149190881620127
0022501138,2026-04-05,2026-04-05,0,0.5486649440137812,0.39241240436843683,0.3174120055269536,0.4227745646142833
0022501139,2026-04-05,2026-04-05,1,0.5486649440137812,0.9750971996318083,0.9500815763188564,0.94275926040576
0022501140,2026-04-05,2026-04-05,1,0.5486649440137812,0.13881096139165824,0.20132827475319015,0.20358541542498057
0022501141,2026-04-05,2026-04-05,0,0.5486649440137812,0.207707359100875,0.27615323765793015,0.2698941729633619
0022501142,2026-04-05,2026-04-05,0,0.5486649440137812,0.2973431199979597,0.3302313311148918,0.34704933597126897
0022501143,2026-04-06,2026-04-05,0,0.5486649440137812,0.5271017254342335,0.5399684816583534,0.5255899985252662
0022501144,2026-04-06,2026-04-05,1,0.5486649440137812,0.2397118105222494,0.293506301718122,0.298341430379807
0022501145,2026-04-06,2026-04-05,0,0.5486649440137812,0.11669516134470355,0.19476159685329986,0.18021691090497985
0022501146,2026-04-06,2026-04-05,1,0.5486649440137812,0.8672361388328071,0.7835504366197206,0.8089853670640389
0022501147,2026-04-06,2026-04-05,1,0.5486649440137812,0.7142052152005521,0.6487032794770414,0.6714498781374195
0022501148,2026-04-07,2026-04-05,0,0.5486649440137812,0.39590726698841977,0.3915325307362351,0.4254854370579569
0022501149,2026-04-07,2026-04-05,1,0.5486649440137812,0.6396762689267159,0.6794427467862011,0.6119301864962317
0022501150,2026-04-07,2026-04-05,1,0.5486649440137812,0.41091011441607506,0.39983286153281755,0.43708156163810197
0022501151,2026-04-07,2026-04-05,1,0.5486649440137812,0.5658935252278574,0.6359169041502972,0.5550789367257437
0022501152,2026-04-07,2026-04-05,0,0.5486649440137812,0.1655323128594538,0.2349161717591447,0.23030046403301604
0022501153,2026-04-07,2026-04-05,1,0.5486649440137812,0.7620404511393452,0.6047410386750386,0.71153059077271
0022501154,2026-04-07,2026-04-05,1,0.5486649440137812,0.7609599882815559,0.7520855941584875,0.7106036656940891
0022501155,2026-04-07,2026-04-05,0,0.5486649440137812,0.298017009938759,0.31711576835597505,0.3476034805553415
0022501156,2026-04-07,2026-04-05,1,0.5486649440137812,0.8476732979885101,0.7706348118245842,0.789495088550041
0022501157,2026-04-07,2026-04-05,0,0.5486649440137812,0.4506160499256352,0.4598974635957447,0.46751060591514093
0022501158,2026-04-08,2026-04-05,1,0.5486649440137812,0.5974477503705169,0.5741257783890975,0.5792254227622331
0022501159,2026-04-08,2026-04-05,1,0.5486649440137812,0.49544406633131616,0.4693132068618409,0.501583682699723
0022501160,2026-04-08,2026-04-05,1,0.5486649440137812,0.9273537150338778,0.8465596127542412,0.8756142779773484
0022501161,2026-04-08,2026-04-05,1,0.5486649440137812,0.8826429828283706,0.7946314287162122,0.8249617074100873
0022501162,2026-04-08,2026-04-05,1,0.5486649440137812,0.9310886340490497,0.8787983020040743,0.8802304717736797
0022501163,2026-04-08,2026-04-05,0,0.5486649440137812,0.21738989474062803,0.23522118917750165,0.27862727424964956
0022501164,2026-04-08,2026-04-05,1,0.5486649440137812,0.831740075562809,0.8046045412747125,0.7741770089472658
0022501165,2026-04-09,2026-04-05,1,0.5486649440137812,0.6123036672568122,0.6642951784862864,0.5906705871366676
0022501166,2026-04-09,2026-04-05,0,0.5486649440137812,0.3460056102098858,0.38102609551056793,0.38635494349175004
0022501167,2026-04-09,2026-04-05,0,0.5486649440137812,0.5801078052428994,0.5448181846342858,0.565932564369714
0022501168,2026-04-09,2026-04-05,1,0.5486649440137812,0.43288466168093226,0.48040272555797126,0.4539619185627542
0022501169,2026-04-09,2026-04-05,1,0.5486649440137812,0.7013371289642939,0.6980627450429432,0.6609569163221892
0022501170,2026-04-09,2026-04-05,0,0.5486649440137812,0.31246309939747235,0.4070759724538766,0.359410808265603
0022501171,2026-04-10,2026-04-05,0,0.5486649440137812,0.4758701174941574,0.31347610539784043,0.4867282497387013
0022501172,2026-04-10,2026-04-05,0,0.5486649440137812,0.1431751471582998,0.22570888947461465,0.2080524030028355
0022501173,2026-04-10,2026-04-05,1,0.5486649440137812,0.4935798796715367,0.4817976870831897,0.5001697603847438
0022501174,2026-04-10,2026-04-05,1,0.5486649440137812,0.9116308221988842,0.8896840649900781,0.8569258254810486
0022501175,2026-04-10,2026-04-05,0,0.5486649440137812,0.20623805981982432,0.2574252328684337,0.26855851510634254
0022501176,2026-04-10,2026-04-05,1,0.5486649440137812,0.7167458715177226,0.5678024486869362,0.6735344961079055
0022501177,2026-04-10,2026-04-05,0,0.5486649440137812,0.26234264287594655,0.3825178974537229,0.31780546494539286
0022501178,2026-04-10,2026-04-05,0,0.5486649440137812,0.6837577916922614,0.6949582594340757,0.6467848382417307
0022501179,2026-04-10,2026-04-05,1,0.5486649440137812,0.6922963913481981,0.7020353054266081,0.6536463047304304
0022501180,2026-04-10,2026-04-05,1,0.5486649440137812,0.9682340304388102,0.9252396060849348,0.9316036456010544
0022501181,2026-04-10,2026-04-05,1,0.5486649440137812,0.4974684094275017,0.4704195664958419,0.503118941286365
0022501182,2026-04-10,2026-04-05,1,0.5486649440137812,0.3052857873128989,0.34200636781027766,0.35356134862700245
0022501183,2026-04-10,2026-04-05,1,0.5486649440137812,0.5017439651977422,0.6097842644626104,0.5063611419204347
0022501184,2026-04-10,2026-04-05,1,0.5486649440137812,0.33235203177264266,0.31531216988695204,0.37546024365116115
0022501185,2026-04-10,2026-04-05,1,0.5486649440137812,0.6757142277346054,0.61563473028901,0.6403570302539455
0022501186,2026-04-12,2026-04-12,1,0.5522633744855967,0.7962635318438834,0.7214175908691028,0.7491651720998121
0022501187,2026-04-12,2026-04-12,1,0.5522633744855967,0.9607263604703626,0.9171615514705909,0.9252500719984241
0022501188,2026-04-12,2026-04-12,0,0.5522633744855967,0.06408288621003816,0.12640217454209796,0.11542630296515556
0022501189,2026-04-12,2026-04-12,1,0.5522633744855967,0.3772248583603131,0.44779858441189063,0.41404177594635927
0022501190,2026-04-12,2026-04-12,0,0.5522633744855967,0.6074590474485716,0.7012891538803984,0.5956895704342261
0022501191,2026-04-12,2026-04-12,1,0.5522633744855967,0.8080523169677489,0.6905324958082729,0.7603952670670981
0022501192,2026-04-12,2026-04-12,1,0.5522633744855967,0.9017313083331021,0.8639565478130414,0.8532720578931685
0022501193,2026-04-12,2026-04-12,1,0.5522633744855967,0.5331464135348132,0.47044360599199997,0.5346519718323104
0022501194,2026-04-12,2026-04-12,1,0.5522633744855967,0.9350209706099413,0.8971658114478138,0.892141641289617
0022501195,2026-04-12,2026-04-12,1,0.5522633744855967,0.7991082209914702,0.8351994998168776,0.7544439854099954
0022501196,2026-04-12,2026-04-12,0,0.5522633744855967,0.877866782784152,0.831661260489395,0.8279076774114469
0022501197,2026-04-12,2026-04-12,0,0.5522633744855967,0.7628593809823027,0.685957030130309,0.7201921567965464
0022501198,2026-04-12,2026-04-12,1,0.5522633744855967,0.9354487091052833,0.8816502616881511,0.8920647226135187
0022501199,2026-04-12,2026-04-12,1,0.5522633744855967,0.7388108514855124,0.597453672664096,0.6990500577457877
0022501200,2026-04-12,2026-04-12,1,0.5522633744855967,0.8549584749838168,0.8097217076645444,0.8056487147723973
