game_id,game_date,origin,home_win,p_constant,p_elo_only,p_rank_only,p_blend,p_calibrated_elo,p_schedule_elo
0022500702,2026-02-01,2026-02-01,1,0.5528120713305898,0.7780039760774082,0.7103967165311138,0.7261579856055225,0.7018077809192167,0.7913590729547922
0022500703,2026-02-01,2026-02-01,1,0.5528120713305898,0.7178927882300258,0.656913954464057,0.6756984560477893,0.6570027813323683,0.7096192551606851
0022500704,2026-02-01,2026-02-01,1,0.5528120713305898,0.8348638109338468,0.8292226318119815,0.7867084762043898,0.7487069678768957,0.832990591489223
0022500705,2026-02-01,2026-02-01,1,0.5528120713305898,0.5846856256969467,0.5824426167783928,0.5895142992884741,0.5668470589323216,0.5847740241761625
0022500706,2026-02-01,2026-02-01,1,0.5528120713305898,0.77167302192307,0.7211779002802293,0.7221955512489441,0.6968975394854342,0.7700567456985473
0022500707,2026-02-01,2026-02-01,1,0.5528120713305898,0.5635065699464035,0.5494401312152107,0.5550301668203635,0.5531107972156052,0.5638275987098151
0022500708,2026-02-01,2026-02-01,1,0.5528120713305898,0.6053361777396765,0.5584629969358027,0.5925788813633741,0.5803368795783825,0.6052006708125803
0022500709,2026-02-01,2026-02-01,0,0.5528120713305898,0.6411262826894178,0.6467679781602,0.6278463275153923,0.6040332658934959,0.6406143971174802
0022500710,2026-02-01,2026-02-01,0,0.5528120713305898,0.42902500816862554,0.49486652857067437,0.4618447011718731,0.4662875208113177,0.4307860979336694
0022500711,2026-02-01,2026-02-01,0,0.5528120713305898,0.4296929433420434,0.47035250754496494,0.4480645902990495,0.4667241447607069,0.453301913622827
0022500712,2026-02-02,2026-02-01,1,0.5528120713305898,0.7961279206877652,0.6822374613040203,0.7291293115394798,0.7161712285509012,0.7943824000715893
0022500713,2026-02-02,2026-02-01,0,0.5528120713305898,0.2930919081617806,0.29377899711094896,0.315989050534234,0.3733928635227639,0.2959270666723821
0022500714,2026-02-02,2026-02-01,1,0.5528120713305898,0.30281052246912504,0.3866639728361288,0.36672841605919926,0.3804149647616554,0.3055919017262258
0022500715,2026-02-02,2026-02-01,0,0.5528120713305898,0.5824227362370828,0.5124521786432671,0.5440849592889496,0.5653751723615261,0.5741399533802923
0022500716,2026-02-03,2026-02-01,1,0.5528120713305898,0.6509766204727904,0.611924045628744,0.6097783043093955,0.6106444010793821,0.650364706019864
0022500717,2026-02-03,2026-02-01,0,0.5528120713305898,0.6240274581943185,0.5206585481240029,0.5717987571091446,0.5926544161891111,0.6155787267065042
0022500718,2026-02-03,2026-02-01,0,0.5528120713305898,0.28803046221193696,0.2961446416343122,0.323770955222276,0.3697032173634671,0.29089182888710957
0022500719,2026-02-03,2026-02-01,0,0.5528120713305898,0.3497804333736218,0.2994020809771532,0.3912693994116809,0.4133565756229369,0.35224439704764327
0022500720,2026-02-03,2026-02-01,0,0.5528120713305898,0.572006154742462,0.5853797241185038,0.5683794855351725,0.5586134075312364,0.5937717199572684
0022500721,2026-02-03,2026-02-01,0,0.5528120713305898,0.3698126337127355,0.3947067241675303,0.389123255455686,0.42699313553719304,0.35165799543143855
0022500722,2026-02-03,2026-02-01,1,0.5528120713305898,0.46964681438474487,0.46577756534357745,0.5043898482198553,0.49266473567641333,0.4709922758985002
0022500723,2026-02-03,2026-02-01,1,0.5528120713305898,0.7681990195692193,0.7060493322022939,0.7333500758109481,0.694224923464345,0.7666037180602284
0022500724,2026-02-03,2026-02-01,0,0.5528120713305898,0.5683314707888801,0.5530320361156706,0.5621748090228855,0.5562329328875282,0.5332879233050589
0022500725,2026-02-03,2026-02-01,0,0.5528120713305898,0.3849542069492837,0.4634741499753196,0.42444435499605376,0.4371700735994189,0.38712785280048667
0022500726,2026-02-04,2026-02-01,1,0.5528120713305898,0.5733733498765637,0.5416801731992552,0.5422271531251863,0.5594996990171397,0.573585732284504
0022500727,2026-02-04,2026-02-01,0,0.5528120713305898,0.4555605011315771,0.5259593065965651,0.47883946811955885,0.4835535403846716,0.4351617739912819
0022500728,2026-02-04,2026-02-01,0,0.5528120713305898,0.5568440173193648,0.5708083243106464,0.5502273857102121,0.5488053667351102,0.5657156749328909
0022500729,2026-02-04,2026-02-01,1,0.5528120713305898,0.5850786259962701,0.6231618336143957,0.6036745774379848,0.5671027997150047,0.5767812580184534
0022500730,2026-02-04,2026-02-01,1,0.5528120713305898,0.49522522546885417,0.49501383213530736,0.48348097096513565,0.5091476630477215,0.4827588314516962
0022500731,2026-02-04,2026-02-01,0,0.5528120713305898,0.49743406266443796,0.47251952232456584,0.47218253229822554,0.5105686452746061,0.4763471870385087
0022500732,2026-02-04,2026-02-01,0,0.5528120713305898,0.5231235303959114,0.4836256436980934,0.5129157240433049,0.5270863016704286,0.5459312485381935
0022500733,2026-02-05,2026-02-01,0,0.5528120713305898,0.8484826874748674,0.8274320046909159,0.8079261090649307,0.7608836449694576,0.8465913681363384
0022500734,2026-02-05,2026-02-01,1,0.5528120713305898,0.6936434545377556,0.728582982573492,0.6660034566338746,0.639866688523754,0.6926228208585039
0022500735,2026-02-05,2026-02-01,1,0.5528120713305898,0.7423779284172619,0.6746647409530514,0.6899451456152184,0.6748002967284558,0.7409565610543993
0022500736,2026-02-05,2026-02-01,1,0.5528120713305898,0.6121721495568477,0.6024345239110301,0.6115290827917295,0.5848285901083929,0.6037567833872254
0022500737,2026-02-05,2026-02-01,0,0.5528120713305898,0.5544800059349188,0.6714217310218012,0.5976980015468529,0.5472791796508639,0.5682394503779741
0022500738,2026-02-05,2026-02-01,0,0.5528120713305898,0.36244558136925464,0.3520074672184336,0.38199159832560176,0.4220024736671224,0.37282430090422564
0022500739,2026-02-05,2026-02-01,0,0.5528120713305898,0.6542867424590416,0.6086765369112487,0.6105903433439461,0.6128761144710961,0.6536416305781663
0022500740,2026-02-05,2026-02-01,1,0.5528120713305898,0.5520734063373494,0.6071564028000984,0.5423395472787422,0.5457262192748156,0.5525206830733324
0022500741,2026-02-06,2026-02-01,1,0.5528120713305898,0.6879325393378003,0.6052523499697483,0.6526749665982061,0.635892281587732,0.7056963846636111
0022500742,2026-02-06,2026-02-01,1,0.5528120713305898,0.6393960889357261,0.6212964548086038,0.6197722672363435,0.6028764664869761,0.6309214221520194
0022500743,2026-02-06,2026-02-01,1,0.5528120713305898,0.5934212039111046,0.6275366073387769,0.6086196176648395,0.5725401544047217,0.6146043848949855
0022500744,2026-02-06,2026-02-01,0,0.5528120713305898,0.7933005964936571,0.7610671876726474,0.7600930877011961,0.7138987571415917,0.7915682744068236
0022500745,2026-02-06,2026-02-01,1,0.5528120713305898,0.6709937217393068,0.6423000086612862,0.6190326820445738,0.6242249460767065,0.6503118692869095
0022500746,2026-02-06,2026-02-01,0,0.5528120713305898,0.2981129211435261,0.39087126705251724,0.35665572951638724,0.3770307581267066,0.30092085277797864
0022500747,2026-02-07,2026-02-01,1,0.5528120713305898,0.5859599280764239,0.5483890125594794,0.5848962065672665,0.5676764241485234,0.5860344095950423
0022500748,2026-02-07,2026-02-01,0,0.5528120713305898,0.6358951370615434,0.6312819552760913,0.6292859490435543,0.6005396093741205,0.6146744364940023
0022500749,2026-02-07,2026-02-01,1,0.5528120713305898,0.7417030718291612,0.7357002509694944,0.7117974555137853,0.6743022156786118,0.7402866482382671
0022500750,2026-02-07,2026-02-01,1,0.5528120713305898,0.7293943038145524,0.6959286938480976,0.6879261503122182,0.6652949966921471,0.7280712947831999
0022500751,2026-02-07,2026-02-01,0,0.5528120713305898,0.4121762227569226,0.56891954453354,0.4807025939596984,0.4552320874391456,0.4141005441185589
0022500752,2026-02-07,2026-02-01,0,0.5528120713305898,0.4588087333930516,0.44427937858786637,0.4388212475374941,0.48565733023064894,0.4823435298049405
0022500753,2026-02-07,2026-02-01,1,0.5528120713305898,0.5446412560267978,0.6056830757285174,0.5327741483392557,0.54093443906896,0.5451706860912704
0022500754,2026-02-07,2026-02-01,0,0.5528120713305898,0.661043055412143,0.6101458784017386,0.6196998116731863,0.6174480250766082,0.6603308812024665
0022500755,2026-02-07,2026-02-01,1,0.5528120713305898,0.6709937217393068,0.6423000086612862,0.6190326820445738,0.6242249460767065,0.6701846005953496
0022500756,2026-02-07,2026-02-01,0,0.5528120713305898,0.26721926465575,0.3282902338257731,0.3208762449268339,0.3542764258785475,0.28098986240366464
0022500757,2026-02-08,2026-02-08,0,0.5497448979591837,0.6445731436522458,0.5375845107906132,0.6000032404954971,0.6017740719538408,0.6440388325310168
0022500758,2026-02-08,2026-02-08,0,0.5497448979591837,0.3813902761456297,0.337797860400452,0.38151451080879,0.4270790679925408,0.37741194428083935
0022500759,2026-02-08,2026-02-08,1,0.5497448979591837,0.76979271253806,0.7596188258159149,0.723573931156846,0.6928781675659754,0.7524605576261467
0022500760,2026-02-08,2026-02-08,0,0.5497448979591837,0.5847991218808247,0.6156228479497369,0.5944802522740301,0.5615155184974115,0.5848745594004158
0022500761,2026-02-09,2026-02-08,0,0.5497448979591837,0.5707191430039883,0.35924336473781,0.48622598959546703,0.5521870118689022,0.5920230712668666
0022500762,2026-02-09,2026-02-08,1,0.5497448979591837,0.48234354175159483,0.4321330222916422,0.47278792121093083,0.49417880940362346,0.48349956275530354
0022500763,2026-02-09,2026-02-08,0,0.5497448979591837,0.7375050642052426,0.713186846399122,0.6883124031416978,0.6680952047200803,0.7311157295894478
0022500764,2026-02-09,2026-02-08,1,0.5497448979591837,0.6078459923013108,0.6294231576053771,0.589490722678227,0.5768935187915455,0.6281320757100897
0022500765,2026-02-09,2026-02-08,1,0.5497448979591837,0.6330353111286939,0.5966231343500985,0.6205072676183913,0.5938995285201384,0.6265884779811397
0022500766,2026-02-09,2026-02-08,1,0.5497448979591837,0.6627787478312108,0.5856093250614413,0.6006112125620083,0.6143281704384935,0.6424226356033855
0022500767,2026-02-09,2026-02-08,0,0.5497448979591837,0.43888304814075013,0.5289226974073801,0.5031835570413137,0.4655722117317918,0.44047434401576074
0022500768,2026-02-09,2026-02-08,1,0.5497448979591837,0.7092387768425263,0.6503902887984422,0.6566397975092352,0.6472571111733474,0.7081177464259627
0022500769,2026-02-09,2026-02-08,0,0.5497448979591837,0.4397383793486835,0.4821142375126714,0.4088170317561196,0.4661381380155152,0.44132138772515045
0022500770,2026-02-09,2026-02-08,1,0.5497448979591837,0.40513529394702225,0.45491150853648565,0.44181210829896617,0.44310113261122147,0.4070420836409642
0022500771,2026-02-10,2026-02-08,0,0.5497448979591837,0.8165127185654654,0.7989686699072505,0.7611388027619882,0.7312091925922178,0.8147511598985643
0022500772,2026-02-10,2026-02-08,1,0.5497448979591837,0.6121404349336134,0.6373105798696475,0.6094498169680641,0.5797766754631076,0.5911700253472413
0022500773,2026-02-10,2026-02-08,1,0.5497448979591837,0.7273352861399631,0.712921287408301,0.6850821018705835,0.660515612330254,0.726071157964467
0022500774,2026-02-10,2026-02-08,0,0.5497448979591837,0.43081914838824953,0.4906015701363358,0.4378298792069531,0.46022903366254325,0.4474657314623232
0022500775,2026-02-11,2026-02-08,1,0.5497448979591837,0.7229639156955016,0.5285219362936613,0.6304889870036426,0.6572870573606153,0.7217333231370846
0022500776,2026-02-11,2026-02-08,1,0.5497448979591837,0.8464930516274556,0.7845559341338948,0.7753173079711957,0.757904770508263,0.8557012014489259
0022500777,2026-02-11,2026-02-08,0,0.5497448979591837,0.6078459923013108,0.6294231576053771,0.589490722678227,0.5768935187915455,0.6076814340463719
0022500778,2026-02-11,2026-02-08,1,0.5497448979591837,0.8202811549548488,0.7159960601143884,0.7440270092816286,0.7344606511908014,0.8052818089585229
0022500779,2026-02-11,2026-02-08,0,0.5497448979591837,0.5673369004537672,0.5404813271812633,0.5563953105919622,0.5499523173677469,0.5739278815585006
0022500780,2026-02-11,2026-02-08,0,0.5497448979591837,0.5744825143755894,0.4839103038165853,0.5329091000252272,0.5546761802729624,0.5809707989196728
0022500781,2026-02-11,2026-02-08,0,0.5497448979591837,0.4225740579496737,0.4204815426984661,0.4324533745236205,0.45475008752542867,0.4033090783104807
0022500782,2026-02-11,2026-02-08,0,0.5497448979591837,0.6121404349336134,0.6373105798696475,0.6094498169680641,0.5797766754631076,0.61193172014902
0022500783,2026-02-11,2026-02-08,1,0.5497448979591837,0.6606144400821709,0.6332983468845866,0.6376434781145244,0.6128267723328842,0.6599255388427752
0022500784,2026-02-11,2026-02-08,0,0.5497448979591837,0.43208013807880485,0.3446321851630946,0.40992346914169514,0.4610655291473323,0.4337368763400667
0022500785,2026-02-11,2026-02-08,0,0.5497448979591837,0.4531821720970554,0.4360347665836559,0.436349567738497,0.4750147924697304,0.4482335979971353
0022500786,2026-02-11,2026-02-08,1,0.5497448979591837,0.5920766151118713,0.6030942876335974,0.5753866135977317,0.5663554676669778,0.5920757874849872
0022500787,2026-02-11,2026-02-08,1,0.5497448979591837,0.7293544051264008,0.7258736441088838,0.6871842170363011,0.6620127220377051,0.7280750198596861
0022500788,2026-02-11,2026-02-08,0,0.5497448979591837,0.3940475056986195,0.3952034895003542,0.4272840599572783,0.43564503010333877,0.4022502057058562
0022500789,2026-02-12,2026-02-08,0,0.5497448979591837,0.7918587864087503,0.7520708673712488,0.7577325830321306,0.7105619790074079,0.7901931780428582
0022500790,2026-02-12,2026-02-08,0,0.5497448979591837,0.37270067972818716,0.4272241948913104,0.4057947426313289,0.4211608793633049,0.3748853336131521
0022500791,2026-02-12,2026-02-08,1,0.5497448979591837,0.7164139012027231,0.7493806136498294,0.6602389951125671,0.6524808106643697,0.7152348089705045
0022500792,2026-02-19,2026-02-15,0,0.5457875457875457,0.6090056600752267,0.42238534855328,0.5208995783955815,0.5739055463503187,0.6086983764576303
0022500793,2026-02-19,2026-02-15,1,0.5457875457875457,0.8535756595103196,0.7877794383663757,0.7638826011642015,0.7629388709751702,0.8516882218886049
0022500794,2026-02-19,2026-02-15,0,0.5457875457875457,0.6228139009850755,0.5863793694162357,0.5875084922676868,0.5832989442426657,0.6223680142847383
0022500795,2026-02-19,2026-02-15,1,0.5457875457875457,0.49928207920533174,0.49107097521001375,0.4988986139013753,0.50086042518411,0.5001195762705904
0022500796,2026-02-19,2026-02-15,0,0.5457875457875457,0.4980609435823762,0.4586522540648637,0.47682378698386424,0.500054475869725,0.4989111380163948
0022500797,2026-02-19,2026-02-15,0,0.5457875457875457,0.37799650167207305,0.39372277677059614,0.4053091971061941,0.41985202053338,0.3799975072971175
0022500798,2026-02-19,2026-02-15,1,0.5457875457875457,0.712327258166289,0.6538284173891484,0.6335642360620755,0.646517011761129,0.7110728935776998
0022500799,2026-02-19,2026-02-15,0,0.5457875457875457,0.40683657542178764,0.41680819823426835,0.42668122391803526,0.43941912260512994,0.40858564591975555
0022500800,2026-02-19,2026-02-15,0,0.5457875457875457,0.3151340439051404,0.2885688058223298,0.340392350910329,0.37590454854066313,0.3175987488672483
0022500801,2026-02-19,2026-02-15,1,0.5457875457875457,0.5827281577731009,0.4166601994547673,0.504385701501261,0.5562025400436783,0.5826905490019434
0022500802,2026-02-20,2026-02-15,0,0.5457875457875457,0.5259981377332985,0.3868862242892271,0.49575333200928257,0.5184999455691942,0.526555890668282
0022500803,2026-02-20,2026-02-15,1,0.5457875457875457,0.49928207920533174,0.49107097521001375,0.4988986139013753,0.50086042518411,0.5001195762705904
0022500804,2026-02-20,2026-02-15,1,0.5457875457875457,0.5964224390546059,0.5306175636834175,0.5814587634877703,0.5654027097821801,0.5962434606747086
0022500805,2026-02-20,2026-02-15,0,0.5457875457875457,0.5195163628764847,0.47102335864837597,0.5006443126215718,0.5142176770950302,0.598518320406538
0022500806,2026-02-20,2026-02-15,1,0.5457875457875457,0.7420445053494386,0.72990624175946,0.6920220047227079,0.6687867714810632,0.7405730461494032
0022500807,2026-02-20,2026-02-15,0,0.5457875457875457,0.43047901344708467,0.4013935149745643,0.43596149788912303,0.4552714384285356,0.432007594811703
0022500808,2026-02-20,2026-02-15,1,0.5457875457875457,0.8495314322483151,0.8212093980549017,0.8035991813451566,0.7590985309477456,0.801796336824767
0022500809,2026-02-20,2026-02-15,1,0.5457875457875457,0.5008843656632661,0.6453988756747425,0.517250349524617,0.5019179194881329,0.42266035444523464
0022500810,2026-02-20,2026-02-15,0,0.5457875457875457,0.499096997826052,0.42890304751459735,0.4556759841523293,0.5007382722884506,0.4209348511086276
0022500811,2026-02-21,2026-02-15,1,0.5457875457875457,0.6564300782979337,0.551075029763825,0.6120744779134544,0.6065026997391697,0.6556593153638148
0022500812,2026-02-21,2026-02-15,1,0.5457875457875457,0.36006861756482855,0.33343921478785976,0.3624482833965372,0.4075255260760529,0.3566674728704439
0022500813,2026-02-21,2026-02-15,1,0.5457875457875457,0.6890490021692393,0.6697027982171455,0.6289597628220224,0.629595130858179,0.6879856689997477
0022500814,2026-02-21,2026-02-15,0,0.5457875457875457,0.2188245784272298,0.26250035160374074,0.28377601642184636,0.3026887762725908,0.2216684582295627
0022500815,2026-02-21,2026-02-15,1,0.5457875457875457,0.911360786381305,0.8511020361760884,0.8409247771093051,0.823953683507069,0.9096557900915911
0022500816,2026-02-21,2026-02-15,1,0.5457875457875457,0.6050230037844111,0.5668248697564533,0.549016280158726,0.5712088206942111,0.6047561416717258
0022500817,2026-02-22,2026-02-22,1,0.5462085308056872,0.5231986193682824,0.6003236028962762,0.5707416058886838,0.51212782777109,0.5235732022255202
0022500818,2026-02-22,2026-02-22,1,0.5462085308056872,0.7171724161358811,0.7040566550167925,0.64910154826481,0.6496247862209491,0.7154904379606316
0022500819,2026-02-22,2026-02-22,0,0.5462085308056872,0.5127865724252241,0.4599195190750876,0.46715183046997416,0.5050492491731743,0.518838628711108
0022500820,2026-02-22,2026-02-22,1,0.5462085308056872,0.45406998242049085,0.42184054520774233,0.459310701290043,0.46513852197538147,0.4497336298520827
0022500821,2026-02-22,2026-02-22,0,0.5462085308056872,0.4731460167866839,0.4961479937070759,0.459367403546833,0.4781219865876179,0.47410360159897524
0022500822,2026-02-22,2026-02-22,0,0.5462085308056872,0.2536683493222066,0.39545195850276366,0.3199150939712252,0.32137775226642806,0.2565538419929207
0022500823,2026-02-22,2026-02-22,0,0.5462085308056872,0.4183046260221466,0.48993324124299686,0.42657897400745315,0.44065913692891695,0.4252990332568809
0022500824,2026-02-22,2026-02-22,0,0.5462085308056872,0.6608588584347582,0.6062402414513494,0.5979938208258896,0.6079092734802133,0.6630691253008317
0022500825,2026-02-22,2026-02-22,0,0.5462085308056872,0.24536360601594184,0.3084381926600091,0.3261897946824763,0.31484396155625394,0.2482826761480581
0022500826,2026-02-22,2026-02-22,0,0.5462085308056872,0.6443002458410091,0.5762370625221628,0.604362366925698,0.5960234123844161,0.6398348663848831
0022500827,2026-02-22,2026-02-22,0,0.5462085308056872,0.663496173778668,0.4694256945499959,0.5750211630732803,0.6098161189383778,0.6656673151558077
0022500828,2026-02-23,2026-02-22,0,0.5462085308056872,0.543168176127719,0.5570819363722942,0.5248334455266012,0.5257316654388448,0.5433083195626845
0022500829,2026-02-23,2026-02-22,0,0.5462085308056872,0.7138574567477743,0.6752355692618249,0.6511092588006222,0.6471031557876419,0.7122026496188826
0022500830,2026-02-23,2026-02-22,1,0.5462085308056872,0.8236356011242728,0.7082071472824558,0.7414709274863143,0.7373317920916626,0.8246265504211571
0022500831,2026-02-24,2026-02-22,0,0.5462085308056872,0.35468391010081907,0.34264328733996363,0.3606745214553339,0.39627095049535765,0.3568781151544298
0022500832,2026-02-24,2026-02-22,1,0.5462085308056872,0.69358158678529,0.6815679174751614,0.6500791300279056,0.631874027992024,0.6921021989738938
0022500833,2026-02-24,2026-02-22,0,0.5462085308056872,0.4747358663576186,0.4802886405296064,0.4698992184676267,0.4792027053281066,0.47567519581576156
0022500834,2026-02-24,2026-02-22,0,0.5462085308056872,0.39683595033097074,0.3870753088747064,0.3911499886399034,0.42583034738504416,0.3986261869185401
0022500835,2026-02-24,2026-02-22,1,0.5462085308056872,0.6220608777952708,0.5568709718798383,0.5525638688134036,0.5802692076512523,0.6213007608091614
0022500836,2026-02-24,2026-02-22,0,0.5462085308056872,0.2569877069869203,0.4497561823438536,0.35795070101457677,0.3239690759542806,0.25985860596134724
0022500837,2026-02-24,2026-02-22,1,0.5462085308056872,0.49370076001085555,0.4365720837259489,0.46778488683610114,0.4920857988889992,0.49998147674356175
0022500838,2026-02-24,2026-02-22,1,0.5462085308056872,0.41265590716281825,0.3682790605441155,0.3903869990789443,0.43676925962748836,0.40889529062727226
0022500839,2026-02-24,2026-02-22,0,0.5462085308056872,0.42526931791890743,0.4272172663641505,0.44840630856522085,0.4454450129604105,0.42676140950162605
0022500840,2026-02-24,2026-02-22,0,0.5462085308056872,0.6361918141188212,0.588797207859822,0.5716997853911501,0.5902535951915424,0.635279636352626
0022500841,2026-02-24,2026-02-22,0,0.5462085308056872,0.4171045138754912,0.4401844143504366,0.4207245876164778,0.43983334839014093,0.4186839882075949
0022500842,2026-02-25,2026-02-22,1,0.5462085308056872,0.6132865452971925,0.5723217586055754,0.5300677850757509,0.5741109188235181,0.6161953996627938
0022500843,2026-02-25,2026-02-22,0,0.5462085308056872,0.3303260267132758,0.37247222177967404,0.38616019035898796,0.37883172809882254,0.3293879182781895
0022500844,2026-02-25,2026-02-22,0,0.5462085308056872,0.4082523083077508,0.4385360437780359,0.4223444989269335,0.43373124922219547,0.4135775931900817
0022500845,2026-02-25,2026-02-22,1,0.5462085308056872,0.87884921485376,0.8092174614898134,0.7933107858152203,0.7910466254522128,0.8766442228575412
0022500846,2026-02-25,2026-02-22,1,0.5462085308056872,0.3363980725373211,0.3837163453020127,0.3799549402790974,0.38320821271865135,0.33874996516853106
0022500847,2026-02-25,2026-02-22,1,0.5462085308056872,0.4584326909622786,0.5038071410882211,0.471386433234372,0.46811102876536603,0.4577791874008805
0022500848,2026-02-26,2026-02-22,0,0.5462085308056872,0.23163881977542045,0.3854028316654445,0.3116947719231701,0.30387693989626013,0.23460375504637193
0022500849,2026-02-26,2026-02-22,1,0.5462085308056872,0.4745834189797475,0.45751691209454975,0.4973124030291462,0.47909908429123577,0.475524499980335
0022500850,2026-02-26,2026-02-22,1,0.5462085308056872,0.69358158678529,0.6815679174751614,0.6500791300279056,0.631874027992024,0.6921021989738938
0022500851,2026-02-26,2026-02-22,0,0.5462085308056872,0.1507174167468099,0.17180449330427972,0.23015677585829755,0.23347552642605646,0.1556268239866533
0022500852,2026-02-26,2026-02-22,0,0.5462085308056872,0.39545790120999164,0.48888062284994266,0.4222043463383448,0.42487404647445154,0.400878566525841
0022500853,2026-02-26,2026-02-22,0,0.5462085308056872,0.4039989220083634,0.4213318000988747,0.4399761145440099,0.430791953105718,0.40571574338859195
0022500854,2026-02-26,2026-02-22,0,0.5462085308056872,0.7169590419279056,0.6229459868459297,0.6453150109319306,0.6494621914416189,0.7183399918152579
0022500855,2026-02-26,2026-02-22,1,0.5462085308056872,0.5574767698439294,0.4693441673606687,0.5471068086220177,0.5355123754041233,0.5574495611940016
0022500856,2026-02-26,2026-02-22,0,0.5462085308056872,0.47820125251654805,0.593658077912418,0.5001339264177871,0.48155782610236036,0.47355216657229937
0022500857,2026-02-26,2026-02-22,0,0.5462085308056872,0.5370616797861523,0.42757875065582224,0.4821240636741115,0.5215668687944596,0.5261965958458042
0022500858,2026-02-27,2026-02-22,1,0.5462085308056872,0.5870151272139029,0.6382969132795558,0.5756684997654338,0.5558338416992668,0.5866466886665658
0022500859,2026-02-27,2026-02-22,1,0.5462085308056872,0.8605476620874319,0.818570936163282,0.7752501219604612,0.7723108292458821,0.860117449485487
0022500860,2026-02-27,2026-02-22,0,0.5462085308056872,0.4052945293828619,0.4072138764489307,0.40637263407075697,0.43168780800072776,0.4123775152882895
0022500861,2026-02-27,2026-02-22,0,0.5462085308056872,0.5541872720073658,0.4750890915897176,0.5187079799442843,0.5332607944652328,0.5504696899564911
0022500862,2026-02-27,2026-02-22,1,0.5462085308056872,0.6450217854885054,0.6247176419968469,0.6139425329064043,0.5965383836739242,0.6440167112722857
0022500863,2026-02-28,2026-02-22,1,0.5462085308056872,0.7058315149031211,0.5036277404979687,0.6090421678606852,0.6410360754354899,0.7042442988201099
0022500864,2026-02-28,2026-02-22,1,0.5462085308056872,0.4863377006489948,0.5309447639305934,0.4686318379505157,0.4870852924986736,0.487143117635781
0022500865,2026-02-28,2026-02-22,0,0.5462085308056872,0.3304073692982019,0.3067412928221648,0.34344888886585306,0.3788904933008536,0.3377657569987779
0022500866,2026-02-28,2026-02-22,0,0.5462085308056872,0.4947111015432482,0.43543229862751637,0.5045312091730247,0.4927719090303689,0.4898594189119391
0022500867,2026-02-28,2026-02-22,0,0.5462085308056872,0.47820125251654805,0.593658077912418,0.5001339264177871,0.48155782610236036,0.47910070693875556
0022500868,2026-03-01,2026-03-01,1,0.5374301675977654,0.39592899180450697,0.4061384637551969,0.42254789160589357,0.4191097010129039,0.4008006235209451
0022500869,2026-03-01,2026-03-01,0,0.5374301675977654,0.15359491595572955,0.22121842038893558,0.24473906581387858,0.22731398867834376,0.1564640641552198
0022500870,2026-03-01,2026-03-01,1,0.5374301675977654,0.38250264819379637,0.4283322152154416,0.4138316106878531,0.40953554658131053,0.38107467912247367
0022500871,2026-03-01,2026-03-01,0,0.5374301675977654,0.546587649191953,0.5581994566053294,0.5185343595419194,0.5247897337837222,0.5498478473605914
0022500872,2026-03-01,2026-03-01,0,0.5374301675977654,0.407407398185918,0.4011657197663218,0.42995673392329653,0.4272540489561888,0.4056520808101441
0022500873,2026-03-01,2026-03-01,1,0.5374301675977654,0.560840728581406,0.5322322274494027,0.5276611389818231,0.5348272443810942,0.5604458572387588
0022500874,2026-03-01,2026-03-01,1,0.5374301675977654,0.6971272154247419,0.6193191182178676,0.6187852664420972,0.6343780142175673,0.6982998942811262
0022500875,2026-03-01,2026-03-01,0,0.5374301675977654,0.2653831850771979,0.3486932739294882,0.33399518444622756,0.3224411443814976,0.26543953701383977
0022500876,2026-03-01,2026-03-01,0,0.5374301675977654,0.15258465733323104,0.1929860813701307,0.24382667981414546,0.2263593470460074,0.15545042508721113
0022500877,2026-03-01,2026-03-01,1,0.5374301675977654,0.7100102464671763,0.6320903804915508,0.6279845327828768,0.6443285705475135,0.7081011148337324
0022500878,2026-03-01,2026-03-01,1,0.5374301675977654,0.8337798799443715,0.7937734376036671,0.7268095445691524,0.7493647628047805,0.8314735124485755
0022500879,2026-03-02,2026-03-01,0,0.5374301675977654,0.16709019824566515,0.21188122762230793,0.25668679669052874,0.23985345586176327,0.16999434702560332
0022500880,2026-03-02,2026-03-01,0,0.5374301675977654,0.27178311553186507,0.3577204412379752,0.3386074907322926,0.3274333283434277,0.27444854605488317
0022500881,2026-03-02,2026-03-01,0,0.5374301675977654,0.18997306640575065,0.26044828494880656,0.2760414090960729,0.26030903187421534,0.19492118885454898
0022500882,2026-03-02,2026-03-01,0,0.5374301675977654,0.5241643365888715,0.5340508976804345,0.5042462353350381,0.5090634568456868,0.5275689953478878
0022500883,2026-03-03,2026-03-01,1,0.5374301675977654,0.8190483850720534,0.663526391001396,0.7136807182351463,0.7356449817141099,0.8146455360165724
0022500884,2026-03-03,2026-03-01,1,0.5374301675977654,0.4479214709694937,0.391720495744222,0.4558704652493303,0.4557742446139314,0.44898449796660095
0022500885,2026-03-03,2026-03-01,1,0.5374301675977654,0.782964777329122,0.7692716284266263,0.6833955810140477,0.7036960509891969,0.7829154090276563
0022500886,2026-03-03,2026-03-01,1,0.5374301675977654,0.8147431127651198,0.7659447331037987,0.7099355743288988,0.7317161633200502,0.8103117929045617
0022500887,2026-03-03,2026-03-01,0,0.5374301675977654,0.44403689825227566,0.4744379999721416,0.45339799891178456,0.45305138931635197,0.4418069200972804
0022500888,2026-03-03,2026-03-01,0,0.5374301675977654,0.30670177070020543,0.3118323221608166,0.36316044831209576,0.3541026218115563,0.3091370746929127
0022500889,2026-03-03,2026-03-01,0,0.5374301675977654,0.1334019325273934,0.21504849061365933,0.2259667029749362,0.20776100319497273,0.1361818322440981
0022500890,2026-03-03,2026-03-01,1,0.5374301675977654,0.7870603415832254,0.6962229114876239,0.6867165690256164,0.7072185889553139,0.7847842632983657
0022500891,2026-03-03,2026-03-01,1,0.5374301675977654,0.7220647139299777,0.7106652971692704,0.6367273409257415,0.6537629442818124,0.7201776507395508
0022500892,2026-03-03,2026-03-01,0,0.5374301675977654,0.2184564152838786,0.26127241781220384,0.29883160748130183,0.284598504991928,0.22841218710498806
0022500893,2026-03-04,2026-03-01,0,0.5374301675977654,0.42018996798735864,0.42680460138950704,0.43816773465591147,0.43628595419524224,0.42156106310938096
0022500894,2026-03-04,2026-03-01,0,0.5374301675977654,0.6220271564855264,0.6453836555349545,0.5674858660056054,0.5785152563877929,0.6241258289207908
0022500895,2026-03-04,2026-03-01,1,0.5374301675977654,0.830339849372055,0.690368069353107,0.723698111217895,0.7461208949828829,0.8261030810157224
0022500896,2026-03-04,2026-03-01,0,0.5374301675977654,0.4027299048328986,0.4189469665641647,0.42694198860135196,0.42393937416378114,0.4044246595450809
0022500897,2026-03-04,2026-03-01,0,0.5374301675977654,0.4915197390849485,0.48292247329371274,0.4835342329794877,0.4862498560771508,0.49545882937103325
0022500898,2026-03-04,2026-03-01,1,0.5374301675977654,0.8191253386822868,0.7152040834600434,0.7137480204458768,0.7357155246766268,0.8187700958015477
0022500899,2026-03-05,2026-03-01,1,0.5374301675977654,0.6957855002904919,0.7166636386549037,0.6178352328124175,0.6333490734247107,0.6941138004047158
0022500900,2026-03-05,2026-03-01,0,0.5374301675977654,0.5331930702399089,0.4505130141909209,0.5099907527550683,0.5153877280269484,0.5364843174963652
0022500901,2026-03-05,2026-03-01,1,0.5374301675977654,0.8147431127651198,0.7659447331037987,0.7099355743288988,0.7317161633200502,0.81238124044052
0022500902,2026-03-05,2026-03-01,0,0.5374301675977654,0.6739182312646423,0.6329769715717599,0.6025467132227567,0.616758833378403,0.6724454602099061
0022500903,2026-03-05,2026-03-01,1,0.5374301675977654,0.594420363444147,0.5084033279001726,0.5493621136919429,0.5586594955655104,0.5937804009301559
0022500904,2026-03-05,2026-03-01,1,0.5374301675977654,0.5792246244589603,0.5242299325091998,0.5395021399069391,0.5478378949116793,0.5787573305392305
0022500905,2026-03-05,2026-03-01,0,0.5374301675977654,0.7784150913637254,0.6617072574407348,0.6797374733052723,0.6998108086103351,0.7761767468867956
0022500906,2026-03-05,2026-03-01,1,0.5374301675977654,0.616383606742055,0.5628205153482889,0.5637559291443415,0.574433040168143,0.6122954268942076
0022500907,2026-03-05,2026-03-01,0,0.5374301675977654,0.3815769043388417,0.4055928375436333,0.4132284249466996,0.40887332179809494,0.3833521560352093
0022500908,2026-03-06,2026-03-01,1,0.5374301675977654,0.8621193520924656,0.7704522912670285,0.7536651935878663,0.7771535346872727,0.8613143192192496
0022500909,2026-03-06,2026-03-01,0,0.5374301675977654,0.6511872433141882,0.46017799240796325,0.5870014118597251,0.5998333107471396,0.6528783946711284
0022500910,2026-03-06,2026-03-01,1,0.5374301675977654,0.7035063064540904,0.6471532172352199,0.6233225236083428,0.6392887549325675,0.6990505967037202
0022500911,2026-03-06,2026-03-01,0,0.5374301675977654,0.49855718565329016,0.5077883731119031,0.4879947621055052,0.49116397870098977,0.495796141566104
0022500912,2026-03-06,2026-03-01,1,0.5374301675977654,0.7244998884225264,0.6735183285121888,0.6385104992414156,0.6556843431225623,0.72259433739208
0022500913,2026-03-06,2026-03-01,1,0.5374301675977654,0.787828654759713,0.7489116923495254,0.6873426080031646,0.7078821191923645,0.7833594108713574
0022500914,2026-03-06,2026-03-01,1,0.5374301675977654,0.8277444654943895,0.7821461891035117,0.7213695609848956,0.743690097834852,0.823487958499531
0022500915,2026-03-07,2026-03-01,0,0.5374301675977654,0.6731891160764701,0.5347264698750407,0.6020429122265825,0.6162111580849686,0.6717232520425374
0022500916,2026-03-07,2026-03-01,0,0.5374301675977654,0.9198978943328273,0.8698505045867935,0.8181504252041281,0.8420885046767304,0.9178966014176602
0022500917,2026-03-07,2026-03-01,1,0.5374301675977654,0.4705303958825773,0.49243159188649854,0.47022937980424334,0.47159130339378247,0.47133450573679236
0022500918,2026-03-07,2026-03-01,0,0.5374301675977654,0.35193819555836603,0.42086751016632007,0.3937412797843666,0.3875053303278439,0.3538676931695442
0022500919,2026-03-07,2026-03-01,1,0.5374301675977654,0.7476200195369279,0.6385893863323884,0.6557530888602568,0.6742115008935297,0.7429794833098312
0022500920,2026-03-07,2026-03-01,1,0.5374301675977654,0.784106576959956,0.718764322806261,0.6843187272952138,0.7046756708446242,0.7795279695737811
0022500921,2026-03-08,2026-03-08,0,0.5358649789029536,0.5056566845954664,0.4671372335437551,0.49912311988699176,0.5004609790770101,0.5145946406337847
0022500922,2026-03-08,2026-03-08,1,0.5358649789029536,0.3660191750935698,0.4587577682060797,0.40986284541700124,0.40036734137923596,0.3679098068784902
0022500923,2026-03-08,2026-03-08,1,0.5358649789029536,0.3688331501288275,0.4025370272833723,0.41171254047989003,0.40243118433896846,0.36302439104788653
0022500924,2026-03-08,2026-03-08,1,0.5358649789029536,0.7654209636228775,0.7218825378236969,0.674518773186955,0.6952569016457396,0.7652294915322524
0022500925,2026-03-08,2026-03-08,1,0.5358649789029536,0.7068473086890982,0.5988526136387082,0.6312882058321272,0.6479851278823816,0.7025968110218433
0022500926,2026-03-08,2026-03-08,0,0.5358649789029536,0.4118712898148843,0.3657110153527859,0.43963394852957394,0.43365824339892173,0.41328465112021306
0022500927,2026-03-08,2026-03-08,1,0.5358649789029536,0.7121769774056546,0.6147271431283863,0.6350793296748581,0.6521584420480715,0.7102775555483295
0022500928,2026-03-08,2026-03-08,1,0.5358649789029536,0.4159501238568536,0.5227342147078041,0.4422501826064694,0.436590191399762,0.41731870175429414
0022500929,2026-03-08,2026-03-08,1,0.5358649789029536,0.8036709635044961,0.7301412001094258,0.7051262988632846,0.7282359466955466,0.8012515966504962
0022500930,2026-03-08,2026-03-08,1,0.5358649789029536,0.3772084903144464,0.33629719716491974,0.41719826262548254,0.4085559178993577,0.37898760555287003
0022500931,2026-03-09,2026-03-08,1,0.5358649789029536,0.7099644569562983,0.5899055527663531,0.6335025202161674,0.6504232592684834,0.714863051760866
0022500932,2026-03-09,2026-03-08,1,0.5358649789029536,0.4180207811070505,0.40419545549406966,0.4435767241131375,0.4380771372746631,0.4193665012978544
0022500933,2026-03-09,2026-03-08,1,0.5358649789029536,0.7551339849736833,0.6525542708656791,0.6666480825999451,0.6867059933570578,0.7507876714741946
0022500934,2026-03-09,2026-03-08,1,0.5358649789029536,0.2657212454081705,0.3227605212814758,0.3408803365513201,0.3240271895511113,0.26840666321129325
0022500935,2026-03-09,2026-03-08,1,0.5358649789029536,0.3830029922591278,0.3710168880752941,0.420977329595638,0.41277843213125337,0.3769349029281257
0022500936,2026-03-10,2026-03-08,1,0.5358649789029536,0.729379205010439,0.6680215194702563,0.6474923333968347,0.6657877687921303,0.7273473621683758
0022500937,2026-03-10,2026-03-08,0,0.5358649789029536,0.11010251115187081,0.16307774196646616,0.20803392708163973,0.18291115462708551,0.11607628342213208
0022500938,2026-03-10,2026-03-08,1,0.5358649789029536,0.8669569745737162,0.7870835132311124,0.7622924696764709,0.7884367997262007,0.8645374784867168
0022500939,2026-03-10,2026-03-08,1,0.5358649789029536,0.7773603261622624,0.7342069987631173,0.6838317532956153,0.705339107214784,0.7770356307759456
0022500940,2026-03-10,2026-03-08,1,0.5358649789029536,0.6576882439634134,0.5880596548534334,0.5973397408903377,0.6104179290791297,0.6562852032046277
0022500941,2026-03-10,2026-03-08,0,0.5358649789029536,0.3768628294232864,0.3735077818552132,0.4169724202213808,0.4083036561626955,0.37864544212180257
0022500942,2026-03-10,2026-03-08,1,0.5358649789029536,0.6385261702474058,0.5876563404829825,0.5845181188579474,0.5961502199658725,0.6373200267908554
0022500943,2026-03-10,2026-03-08,0,0.5358649789029536,0.7166315329212862,0.5986647832125404,0.6382671814023295,0.6556638768362171,0.7213834210992294
0022500944,2026-03-10,2026-03-08,0,0.5358649789029536,0.32994173918729475,0.43508407293076395,0.3858081609414705,0.3735962110468729,0.33216509442075093
0022500945,2026-03-10,2026-03-08,1,0.5358649789029536,0.5290710647565421,0.5224169194346341,0.5139193795876416,0.5170888165562877,0.5291171274925912
0022500946,2026-03-10,2026-03-08,1,0.5358649789029536,0.47657893928392075,0.5331855669089145,0.48076759352762927,0.47983032487016286,0.4743863388849954
0022500947,2026-03-11,2026-03-08,1,0.5358649789029536,0.352982673590792,0.451898438574859,0.4012469984748894,0.3907633330150104,0.3576332065000301
0022500948,2026-03-11,2026-03-08,1,0.5358649789029536,0.3437396810694688,0.31437644181470614,0.39508813282243704,0.38390814309027543,0.3409837364654807
0022500949,2026-03-11,2026-03-08,0,0.5358649789029536,0.1202174052747333,0.20521974011795308,0.2185519155921314,0.19367841596640603,0.12292502053462542
0022500950,2026-03-11,2026-03-08,1,0.5358649789029536,0.475798403996496,0.4813752955622289,0.4802745446640219,0.4792762418840624,0.4682481772951796
0022500951,2026-03-11,2026-03-08,0,0.5358649789029536,0.11905276412704523,0.23744314098179028,0.217362193625034,0.19245621736574947,0.12175190394566579
0022500952,2026-03-11,2026-03-08,1,0.5358649789029536,0.4946898898073806,0.4428571207937781,0.49220116934039043,0.4926807744285149,0.48689268444942296
0022500953,2026-03-12,2026-03-08,1,0.5358649789029536,0.7485514987403087,0.652856369547454,0.6616807514233002,0.6812957925401297,0.7463888067104222
0022500954,2026-03-12,2026-03-08,0,0.5358649789029536,0.18925791074145662,0.22026932102573915,0.28169017802893176,0.25992699419058574,0.1921838051597147
0022500955,2026-03-12,2026-03-08,1,0.5358649789029536,0.8333972491104831,0.7757889738878528,0.7307412683221618,0.7554578251040068,0.8355205962502581
0022500956,2026-03-12,2026-03-08,1,0.5358649789029536,0.8314933200452385,0.7788921184545353,0.7290426011552399,0.7536643238020885,0.8290278245942277
0022500957,2026-03-12,2026-03-08,1,0.5358649789029536,0.7199552608774021,0.668227998838278,0.6406575547613063,0.6582900615671498,0.7179943094224087
0022500958,2026-03-12,2026-03-08,0,0.5358649789029536,0.762177675607372,0.6418607180369118,0.6720225831870547,0.6925478974162579,0.7538565587726404
0022500959,2026-03-12,2026-03-08,1,0.5358649789029536,0.6295999989600968,0.5989571220001566,0.5786088371933974,0.5895621896502917,0.6311669389711254
0022500960,2026-03-12,2026-03-08,1,0.5358649789029536,0.7668518906224036,0.6912011685723696,0.6756245257488368,0.6964560439136787,0.7645827714333534
0022500961,2026-03-13,2026-03-08,1,0.5358649789029536,0.8722035341622456,0.7840082634854846,0.767543730104822,0.7938602002501489,0.8698025436060951
0022500962,2026-03-13,2026-03-08,0,0.5358649789029536,0.10011125967466158,0.1546007369580533,0.19719621175918992,0.1719089445010891,0.10572728358206897
0022500963,2026-03-13,2026-03-08,1,0.5358649789029536,0.5234406797486569,0.513989793817765,0.5103576985884253,0.5130869092430832,0.5153093798684639
0022500964,2026-03-13,2026-03-08,1,0.5358649789029536,0.8117581890792115,0.7644758204882011,0.7119146486465079,0.735485963966656,0.8093188507819414
0022500965,2026-03-13,2026-03-08,0,0.5358649789029536,0.17536005971423543,0.24521233866454317,0.26993283940661816,0.2474021366460353,0.18317173213510438
0022500966,2026-03-13,2026-03-08,0,0.5358649789029536,0.411792821717859,0.43219568327515434,0.43958357524870084,0.4336017998618537,0.41599509494030346
0022500967,2026-03-13,2026-03-08,1,0.5358649789029536,0.7691968912938822,0.6570916584600761,0.6774426233727442,0.6984265045166822,0.7689626857149161
0022500968,2026-03-13,2026-03-08,1,0.5358649789029536,0.779564686451571,0.6090280823132067,0.6855735318492155,0.7072202990587273,0.7714623111687543
0022500969,2026-03-14,2026-03-08,1,0.5358649789029536,0.8152018934778422,0.755645758017724,0.7148439223090522,0.738606699295526,0.8127556261847109
0022500970,2026-03-14,2026-03-08,1,0.5358649789029536,0.695556332346167,0.6630944837058428,0.6233350926041372,0.6392149215367825,0.6937968792294821
0022500971,2026-03-14,2026-03-08,1,0.5358649789029536,0.9253119455944963,0.8387985250647152,0.8279026307288764,0.8546251201252449,0.9233187730689242
0022500972,2026-03-14,2026-03-08,0,0.5358649789029536,0.6049686925832167,0.5269316247888657,0.5624809461248805,0.5715474209570391,0.6041280474033591
0022500973,2026-03-14,2026-03-08,1,0.5358649789029536,0.6959363185311396,0.6995344307561635,0.6236010842772733,0.6395085664974258,0.691729391093273
0022500974,2026-03-14,2026-03-08,1,0.5358649789029536,0.506808931661694,0.5142957737112169,0.49985053731173046,0.50127856784398,0.5071214475811843
0022500975,2026-03-14,2026-03-08,0,0.5358649789029536,0.8728435617948082,0.7621960453494713,0.7681911490897867,0.7945274678187088,0.8728550525775656
0022501111,2026-03-12,2026-03-08,0,0.5358649789029536,0.5765413597185053,0.5568146172462596,0.5441334203697409,0.5510023254846648,0.5760258733593591
0022500651,2026-03-18,2026-03-15,1,0.545816733067729,0.21672250660360984,0.296176428608998,0.2745191810213504,0.2818949559558417,0.22868688793621753
0022500976,2026-03-15,2026-03-15,1,0.545816733067729,0.7660769199751952,0.7051374957996149,0.7034793824923012,0.7061500219156971,0.7631072140444594
0022500977,2026-03-15,2026-03-15,0,0.545816733067729,0.875659859800386,0.8040983817312396,0.8103360785820356,0.8081665532834656,0.8733978828061986
0022500978,2026-03-15,2026-03-15,1,0.545816733067729,0.31826147385949355,0.36803439845498565,0.363327029340192,0.3655048356303937,0.3203254899677597
0022500979,2026-03-15,2026-03-15,1,0.545816733067729,0.7409959625150424,0.6944485901056374,0.678599881349613,0.6851789014507581,0.7284364232815886
0022500980,2026-03-15,2026-03-15,1,0.545816733067729,0.5925858690645266,0.5206868559797188,0.5610500902306068,0.5699580282558,0.578769569162781
0022500981,2026-03-15,2026-03-15,1,0.545816733067729,0.7859238596184472,0.70294613330558,0.7362890996060902,0.7232252921386163,0.7836629680132615
0022500982,2026-03-15,2026-03-15,1,0.545816733067729,0.5524689073102184,0.5200047169935681,0.5504091548847226,0.5402689599530622,0.5388042665044369
0022500983,2026-03-16,2026-03-15,1,0.545816733067729,0.5520650212141718,0.5414703284787259,0.5341181547456336,0.539971489076067,0.5517496274701611
0022500984,2026-03-16,2026-03-15,0,0.545816733067729,0.25465152519239664,0.3050612628036155,0.3285279451211565,0.3142248814335362,0.2675345471897028
0022500985,2026-03-16,2026-03-15,0,0.545816733067729,0.27894110440437336,0.3146233103815769,0.33363402001530046,0.33417724297198337,0.29228537175963554
0022500986,2026-03-16,2026-03-15,1,0.545816733067729,0.7023334132916365,0.5503298236776761,0.6540563771656523,0.6539338441298357,0.7014753587720283
0022500987,2026-03-16,2026-03-15,1,0.545816733067729,0.5724557011329958,0.6182117149229983,0.559475894642584,0.5550213114069583,0.571918456343198
0022500988,2026-03-16,2026-03-15,1,0.545816733067729,0.6476953825082069,0.5990237116088956,0.6266036990952647,0.6114561057644234,0.6576094642634512
0022500989,2026-03-16,2026-03-15,0,0.545816733067729,0.5672652689861066,0.44381565386686445,0.5353132737464613,0.5511837069259915,0.5657082841660608
0022500990,2026-03-16,2026-03-15,0,0.545816733067729,0.29210035324205225,0.33574684694789514,0.3443549251927445,0.34478332793249167,0.29435228781655504
0022500991,2026-03-17,2026-03-15,1,0.545816733067729,0.6058246907338282,0.43476411490025335,0.5841688349470991,0.5798360476172343,0.6049347948543569
0022500992,2026-03-17,2026-03-15,0,0.545816733067729,0.293618407810886,0.39404204417173555,0.3598621937663344,0.3459984916358604,0.2847709442830469
0022500993,2026-03-17,2026-03-15,0,0.545816733067729,0.08417690020816584,0.14379513956804826,0.15255562656621136,0.14892140274663498,0.08217152493187231
0022500994,2026-03-17,2026-03-15,1,0.545816733067729,0.9328678914872068,0.8812127891294361,0.8742752389279607,0.8739618254938931,0.9310829644621543
0022500995,2026-03-17,2026-03-15,0,0.545816733067729,0.2109404647722071,0.29948131287523977,0.26660206632778416,0.276817989895854,0.21356255175802152
0022500996,2026-03-17,2026-03-15,1,0.545816733067729,0.5652551188529569,0.4846764393938636,0.5422703950775616,0.5496987977048452,0.5779775962503808
0022500997,2026-03-17,2026-03-15,1,0.545816733067729,0.6578534556330273,0.6282227903413912,0.6154991927920044,0.619233918392874,0.6554658091755042
0022500998,2026-03-17,2026-03-15,0,0.545816733067729,0.07737485340867044,0.16262202925865343,0.14429291493732802,0.14060316537097498,0.08346388672584495
0022500999,2026-03-18,2026-03-15,1,0.545816733067729,0.8088886329843075,0.6883019594924452,0.7509601673060118,0.7436131329838921,0.8065644722171622
0022501000,2026-03-18,2026-03-15,0,0.545816733067729,0.07892167688811792,0.13920291751318856,0.14830007268008366,0.14251626009845692,0.08510265507310844
0022501001,2026-03-18,2026-03-15,0,0.545816733067729,0.2208261077133345,0.24461186026309248,0.28091613437328117,0.28547226300609996,0.21422355255446174
0022501002,2026-03-18,2026-03-15,0,0.545816733067729,0.31331941396342966,0.4168888797261453,0.3618725243775739,0.3616244189800789,0.3163676072621428
0022501004,2026-03-18,2026-03-15,1,0.545816733067729,0.8626998609062458,0.7570943204072784,0.7848551247905601,0.7948664693417524,0.8543457937715259
0022501005,2026-03-18,2026-03-15,1,0.545816733067729,0.3275389548428702,0.340090010465526,0.3797524927066433,0.37275016146263434,0.32953000501441854
0022501006,2026-03-18,2026-03-15,0,0.545816733067729,0.2525824439678551,0.2182869557796081,0.30298383217387403,0.31250050458742235,0.25506006238937917
0022501007,2026-03-18,2026-03-15,0,0.545816733067729,0.5672652689861066,0.44381565386686445,0.5353132737464613,0.5511837069259915,0.5667841314080376
0022501008,2026-03-19,2026-03-15,1,0.545816733067729,0.6285152504614224,0.4104111606944272,0.5969935688917719,0.596891415599189,0.6273959660222
0022501009,2026-03-19,2026-03-15,0,0.545816733067729,0.08417690020816584,0.14379513956804826,0.15255562656621136,0.14892140274663498,0.08632356911249203
0022501010,2026-03-19,2026-03-15,0,0.545816733067729,0.5342744613806443,0.4638252567312899,0.5230919307733057,0.5268876651978177,0.5475214725805413
0022501011,2026-03-19,2026-03-15,0,0.545816733067729,0.18671606839457683,0.36176000470560127,0.24713005589634557,0.2550397497909303,0.18124316691164405
0022501012,2026-03-19,2026-03-15,1,0.545816733067729,0.3275389548428702,0.340090010465526,0.3797524927066433,0.37275016146263434,0.32953000501441854
0022501013,2026-03-19,2026-03-15,1,0.545816733067729,0.7879324108300481,0.6558683070149743,0.7303864809010601,0.7249799396525023,0.7856645651774764
0022501014,2026-03-19,2026-03-15,1,0.545816733067729,0.4222025425530232,0.4904936854924238,0.4464720123639236,0.444466616723221,0.41022363732458444
0022501015,2026-03-19,2026-03-15,0,0.545816733067729,0.25259699783874645,0.35534360931523296,0.32555223253614207,0.31251264827210695,0.2550745477652166
0022501016,2026-03-20,2026-03-15,0,0.545816733067729,0.12751479941698332,0.19675688974104152,0.19569599781837801,0.19733445031571686,0.13052210640672718
0022501017,2026-03-20,2026-03-15,1,0.545816733067729,0.819301394670715,0.7474322507415753,0.7574453485896014,0.7531138961325237,0.8087741841568401
0022501018,2026-03-20,2026-03-15,1,0.545816733067729,0.6029514521862329,0.4753905107869237,0.5604949708032272,0.5776880505895169,0.602091275517848
0022501019,2026-03-20,2026-03-15,0,0.545816733067729,0.1456070318240499,0.25627696184522303,0.20878750571815424,0.21578596548633558,0.14819838504789887
0022501020,2026-03-20,2026-03-15,0,0.545816733067729,0.6722607795556103,0.6034258914310919,0.6153927895589066,0.630351387770101,0.6707326065964668
0022501021,2026-03-20,2026-03-15,1,0.545816733067729,0.6469581682448494,0.5735524401352643,0.6090426946859909,0.6108934580296392,0.6456604829749065
0022501022,2026-03-21,2026-03-15,0,0.545816733067729,0.062398417137963104,0.12177152532298363,0.12594228929382684,0.12133787945553601,0.06450739498392821
0022501023,2026-03-21,2026-03-15,1,0.545816733067729,0.8592599383938042,0.6807460942069751,0.8032690035484729,0.7914091634587799,0.8634157082974935
0022501024,2026-03-21,2026-03-15,0,0.545816733067729,0.5103124395771217,0.48872045422700033,0.5098463207611915,0.5093053388952844,0.5104589160617703
0022501025,2026-03-21,2026-03-15,0,0.545816733067729,0.2415211490732126,0.29182127340114383,0.3109583968994655,0.30320983483684966,0.24404739802411732
0022501026,2026-03-21,2026-03-15,1,0.545816733067729,0.6831525705311733,0.6822658245155162,0.6557284269123896,0.6388298067106847,0.6815310428404863
0022501027,2026-03-21,2026-03-15,1,0.545816733067729,0.5822614007247572,0.5108525245989094,0.5468457285425021,0.5622858755436978,0.5684659781474373
0022501028,2026-03-21,2026-03-15,1,0.545816733067729,0.9618726779965321,0.9151127628500502,0.914973884762215,0.9147990667149954,0.9607422774859007
0022501029,2026-03-21,2026-03-15,0,0.545816733067729,0.2442373595183286,0.28087270535868547,0.29538042807307824,0.3055028028737041,0.2459390704267685
0022501030,2026-03-21,2026-03-15,0,0.545816733067729,0.25034264647668725,0.365507509232901,0.3117787916078057,0.310629160573525,0.25283066719082176
0022501031,2026-03-21,2026-03-15,0,0.545816733067729,0.7793085535780332,0.7613505628692355,0.7129522304541519,0.7174819720349174,0.7770723759724703
0022501032,2026-03-22,2026-03-22,1,0.5443396226415095,0.6784379806853122,0.624103717605609,0.6239280717700489,0.63947837414591,0.6768875390359734
0022501033,2026-03-22,2026-03-22,1,0.5443396226415095,0.5764489811709362,0.5797610688086204,0.5662569936670483,0.559253580510841,0.5756414216705509
0022501034,2026-03-22,2026-03-22,1,0.5443396226415095,0.9445721274655657,0.8951874141031804,0.8934673922239954,0.8974597259848507,0.9445541240793253
0022501035,2026-03-22,2026-03-22,0,0.5443396226415095,0.7194590842726106,0.6245979748767311,0.6762273639945797,0.673098601564284,0.7175745200015651
0022501036,2026-03-22,2026-03-22,1,0.5443396226415095,0.5310581104967358,0.5272698180771239,0.5116969693165713,0.5244002985565696,0.5234467508364545
0022501037,2026-03-23,2026-03-22,1,0.5443396226415095,0.8426758286475684,0.8168332677600355,0.7861648172434592,0.7832959420363137,0.8403156503488707
0022501038,2026-03-23,2026-03-22,1,0.5443396226415095,0.6381001204873996,0.5814814753998391,0.5814576124766179,0.6072975031310289,0.636655163633116
0022501039,2026-03-23,2026-03-22,0,0.5443396226415095,0.8889438568132797,0.8668974866397967,0.8286675462457396,0.830887460209988,0.8867267085855088
0022501040,2026-03-23,2026-03-22,0,0.5443396226415095,0.23046664770833175,0.270814358646246,0.293467215030708,0.28524123390393324,0.23315707249938433
0022501041,2026-03-23,2026-03-22,0,0.5443396226415095,0.24454164396810998,0.29523165379537925,0.29514787741957227,0.2975043271566959,0.2471789856793347
0022501042,2026-03-23,2026-03-22,1,0.5443396226415095,0.2265616493296431,0.36514815857076643,0.2879557880242236,0.28180315181028825,0.2288424306899875
0022501043,2026-03-23,2026-03-22,0,0.5443396226415095,0.20997275873944984,0.26554947187660666,0.2718500021994325,0.2670091088222492,0.21787268688322114
0022501044,2026-03-23,2026-03-22,0,0.5443396226415095,0.38797541635269434,0.3654885818970606,0.42889162639872674,0.41443485974269184,0.3895388155533077
0022501045,2026-03-23,2026-03-22,1,0.5443396226415095,0.836753188119461,0.8035012122972988,0.77345773595166,0.7775338236092564,0.8343908096344841
0022501046,2026-03-23,2026-03-22,1,0.5443396226415095,0.7728426534124083,0.6477278807659484,0.7203768442282897,0.7187367453336141,0.7706348669777735
0022501047,2026-03-24,2026-03-22,1,0.5443396226415095,0.9137860934077904,0.7824377643920771,0.8536480402804897,0.8589334857679618,0.9116629955054976
0022501048,2026-03-24,2026-03-22,1,0.5443396226415095,0.8189300703671362,0.7872854647684759,0.7410975119451526,0.760555292526129,0.8167586455482829
0022501049,2026-03-24,2026-03-22,1,0.5443396226415095,0.7059464631722612,0.5845062437331928,0.6542616856634308,0.6619064557628733,0.7102361450466028
0022501050,2026-03-24,2026-03-22,0,0.5443396226415095,0.45506967084472094,0.48693325214860006,0.4592984281712494,0.4662857680995457,0.4559238921909056
0022501051,2026-03-25,2026-03-22,0,0.5443396226415095,0.7062754437530817,0.6527832179514372,0.6427369624273418,0.6621774777670532,0.7044912747708395
0022501052,2026-03-25,2026-03-22,0,0.5443396226415095,0.09358876878150243,0.11232638718802263,0.14650766095212145,0.15029506707704818,0.09592364279873918
0022501053,2026-03-25,2026-03-22,1,0.5443396226415095,0.7854966133872374,0.6648356635087264,0.7264616794527926,0.7299578588783975,0.7832353225351663
0022501054,2026-03-25,2026-03-22,1,0.5443396226415095,0.4454339190118167,0.3756209940643125,0.46362884814972055,0.45889113856842517,0.44609892014330377
0022501055,2026-03-25,2026-03-22,0,0.5443396226415095,0.6806724951882028,0.6115314601533189,0.6377912210085126,0.641284005814447,0.6724161055364372
0022501056,2026-03-25,2026-03-22,0,0.5443396226415095,0.08190411370373711,0.12529355772527934,0.13371927856550705,0.1365818455478001,0.08410246564877089
0022501057,2026-03-25,2026-03-22,0,0.5443396226415095,0.648845703384254,0.6489086748600661,0.611836013006646,0.6157996502540295,0.6478439054566071
0022501058,2026-03-25,2026-03-22,1,0.5443396226415095,0.5286991059331803,0.5262352918989854,0.5169397082901072,0.5225953500353695,0.528422977853386
0022501059,2026-03-25,2026-03-22,1,0.5443396226415095,0.8563090695478426,0.8246388626176556,0.7861239472281518,0.7968141610023338,0.8501198744068388
0022501060,2026-03-25,2026-03-22,1,0.5443396226415095,0.7792109098154134,0.7423751763879065,0.7044023923361216,0.7243616668264233,0.7769749487166951
0022501061,2026-03-25,2026-03-22,1,0.5443396226415095,0.7347059936280999,0.6790685261094231,0.6902185734062153,0.685885800675327,0.7327146618925298
0022501062,2026-03-25,2026-03-22,1,0.5443396226415095,0.5454941326580565,0.448444001188777,0.5369073948042314,0.5354562643915853,0.5453252196219636
0022501063,2026-03-26,2026-03-22,1,0.5443396226415095,0.5286689643052335,0.40457835656094543,0.5295912449679171,0.5225722903287616,0.5286910304993812
0022501064,2026-03-26,2026-03-22,1,0.5443396226415095,0.8421813440824364,0.8309507854040392,0.753988358922609,0.782812407158787,0.8356730707761074
0022501065,2026-03-26,2026-03-22,1,0.5443396226415095,0.8393883973936626,0.8065649268586009,0.7682601339483538,0.7800897613500409,0.8370265989957559
0022501066,2026-03-27,2026-03-22,0,0.5443396226415095,0.14819532846552516,0.22225760251838717,0.2083772744675784,0.20856093525629166,0.1509025816635431
0022501067,2026-03-27,2026-03-22,1,0.5443396226415095,0.7147944627525801,0.583077362367898,0.6567301430295758,0.6692208000182477,0.712944600644105
0022501068,2026-03-27,2026-03-22,1,0.5443396226415095,0.6806724951882028,0.6115314601533189,0.6377912210085126,0.641284005814447,0.6791022966113922
0022501069,2026-03-27,2026-03-22,0,0.5443396226415095,0.20899161003576933,0.25411082079840086,0.26954249256593266,0.2661240235399825,0.21173809175261174
0022501070,2026-03-27,2026-03-22,1,0.5443396226415095,0.9377899999400549,0.8599549891464457,0.8813050736904767,0.888509475319226,0.9360486746053212
0022501071,2026-03-27,2026-03-22,1,0.5443396226415095,0.6946323591769905,0.7180582435653823,0.6259344505083476,0.6526274881350811,0.6993970854432627
0022501072,2026-03-27,2026-03-22,1,0.5443396226415095,0.8857830848140158,0.8111948762886749,0.8167107626953004,0.8274648044348678,0.8835481211458506
0022501073,2026-03-27,2026-03-22,1,0.5443396226415095,0.8238347105795448,0.7711935957204702,0.7471392186518112,0.7651762718860047,0.821478353134312
0022501074,2026-03-27,2026-03-22,0,0.5443396226415095,0.7769024342807109,0.7650551675847842,0.7201010196151763,0.7223175527984125,0.7746763994127899
0022501075,2026-03-27,2026-03-22,1,0.5443396226415095,0.9138694355221602,0.8891937307083145,0.8582285254445607,0.8590314421120594,0.9118433553566607
0022501076,2026-03-28,2026-03-22,0,0.5443396226415095,0.10207005283463134,0.1722938591546747,0.1568496073973326,0.15992022382359367,0.10448972315326199
0022501077,2026-03-28,2026-03-22,0,0.5443396226415095,0.7098153518334172,0.5269810770256129,0.6729492810953487,0.6650982529113093,0.7082505795639551
0022501078,2026-03-28,2026-03-22,1,0.5443396226415095,0.8757425766647843,0.8317112105314428,0.8061295675658532,0.8167790727215753,0.8700480354351499
0022501079,2026-03-28,2026-03-22,1,0.5443396226415095,0.5265140889450771,0.4051105417728314,0.5144678707843439,0.5209238741879542,0.5265606821386493
0022501080,2026-03-28,2026-03-22,0,0.5443396226415095,0.3818566868675317,0.37145442934194106,0.4070930779109007,0.4096508245253116,0.3831978160240012
0022501081,2026-03-28,2026-03-22,1,0.5443396226415095,0.840080041546699,0.7800592292649426,0.7652268567295781,0.7807626683079447,0.8415058457979626
0022500652,2026-03-31,2026-03-29,1,0.5486486486486486,0.5645783522556415,0.5855638437880006,0.5428835035334287,0.5546034848269613,0.5699188680896765
0022501003,2026-04-01,2026-03-29,0,0.5486486486486486,0.13485909008750302,0.1950444158191511,0.18792603569164393,0.18866023542536264,0.14035050082745723
0022501082,2026-03-29,2026-03-29,0,0.5486486486486486,0.24552414663966798,0.3485439634043504,0.2889393142424714,0.2940656981576736,0.2433765163806788
0022501083,2026-03-29,2026-03-29,1,0.5486486486486486,0.1471069660544545,0.24110066825052362,0.20471345350566497,0.20123598059107997,0.14968685807505627
0022501084,2026-03-29,2026-03-29,1,0.5486486486486486,0.50500582751599,0.47998220603757596,0.493670110419517,0.5073463844314157,0.51113695781503
0022501085,2026-03-29,2026-03-29,0,0.5486486486486486,0.4806628039604003,0.40692679449430885,0.5028829423379778,0.4880590432054284,0.47474256114831903
0022501086,2026-03-29,2026-03-29,1,0.5486486486486486,0.585373756575596,0.5857186391989528,0.5632696384378215,0.5711890301772609,0.5751833504482896
0022501087,2026-03-29,2026-03-29,1,0.5486486486486486,0.8572889360376763,0.8342159519045129,0.7963596950119801,0.8074839000249437,0.8547392397791355
0022501088,2026-03-29,2026-03-29,0,0.5486486486486486,0.33177867111390397,0.3014761535489655,0.4013429688900352,0.36793852200481203,0.33359351028177225
0022501089,2026-03-29,2026-03-29,1,0.5486486486486486,0.7068361673855159,0.7153974547021384,0.6539642912859808,0.6705419000467473,0.696783929874187
0022501090,2026-03-29,2026-03-29,1,0.5486486486486486,0.7624219620343231,0.7377349322235688,0.7196750891035055,0.7185196633034974,0.7599809316032983
0022501091,2026-03-30,2026-03-29,1,0.5486486486486486,0.5591897297712015,0.46984866992682645,0.5500423496674838,0.550316398815586,0.5524305896738426
0022501092,2026-03-30,2026-03-29,1,0.5486486486486486,0.387947775849487,0.4684208043019344,0.42408892358866385,0.4139563192485729,0.3951044775895819
0022501093,2026-03-30,2026-03-29,0,0.5486486486486486,0.23301411864009686,0.23886055020701236,0.2896848435106517,0.28289028040351355,0.2355005679929393
0022501094,2026-03-30,2026-03-29,1,0.5486486486486486,0.9475936825785405,0.8801363290269886,0.9064737583820143,0.9094226779933109,0.9459077874818791
0022501095,2026-03-30,2026-03-29,0,0.5486486486486486,0.22257040636556755,0.25991397008029143,0.2884002500557009,0.273446633817142,0.2317809712571207
0022501096,2026-03-30,2026-03-29,0,0.5486486486486486,0.10820090525519248,0.180433870632816,0.16369268564301806,0.16013370905583776,0.10691166912320559
0022501097,2026-03-30,2026-03-29,1,0.5486486486486486,0.6354846694180015,0.6053316123570311,0.6041167335768081,0.611541577785794,0.6282602598950029
0022501098,2026-03-30,2026-03-29,1,0.5486486486486486,0.9309921529943749,0.9015346486158947,0.8844465304784912,0.8884120173819987,0.9330548064529417
0022501099,2026-03-31,2026-03-29,1,0.5486486486486486,0.5046467334865314,0.4667466499247993,0.5183626153773987,0.5070619748230486,0.5107821583533066
0022501100,2026-03-31,2026-03-29,0,0.5486486486486486,0.09810879724540517,0.2107192685491333,0.14908678158644548,0.14884295939637218,0.1004110457498534
0022501101,2026-03-31,2026-03-29,1,0.5486486486486486,0.7807160164933075,0.7391324680626727,0.7262462617499957,0.7348524192921319,0.7739094021743935
0022501102,2026-03-31,2026-03-29,1,0.5486486486486486,0.4307631481403992,0.4846596007995095,0.43346072367799154,0.44836844936138764,0.43157158116302197
0022501103,2026-03-31,2026-03-29,1,0.5486486486486486,0.5497534572815553,0.5954932074638544,0.552727588749665,0.5428175731829711,0.5491983949342316
0022501104,2026-03-31,2026-03-29,0,0.5486486486486486,0.6533291592417124,0.5293643035159799,0.6272772645782203,0.6260928320591372,0.6516814684949863
0022501105,2026-04-01,2026-03-29,0,0.5486486486486486,0.16381273660748116,0.20239468365657487,0.2262491035777796,0.2179393299921537,0.1664237518010343
0022501106,2026-04-01,2026-03-29,0,0.5486486486486486,0.33016707039571414,0.36949559493723133,0.37587040845789377,0.36659881261174915,0.3319961593878246
0022501107,2026-04-01,2026-03-29,0,0.5486486486486486,0.44362143015062777,0.4541069907443967,0.45530130229059185,0.4586276447977067,0.438197692750041
0022501108,2026-04-01,2026-03-29,0,0.5486486486486486,0.853754345569809,0.815414066055411,0.785788278292446,0.8039379921540133,0.8430881560686173
0022501109,2026-04-01,2026-03-29,0,0.5486486486486486,0.7317178148785813,0.7318779211969035,0.6844604389194247,0.6917460502338465,0.721896961627417
0022501110,2026-04-01,2026-03-29,1,0.5486486486486486,0.8321174020334349,0.7683217010525161,0.7715477839990716,0.7826989765186294,0.8295225375780821
0022501112,2026-04-01,2026-03-29,0,0.5486486486486486,0.117010261722478,0.15743643562474102,0.17511854574564725,0.16975423595455055,0.11552529902681379
0022501113,2026-04-01,2026-03-29,0,0.5486486486486486,0.14294724453921026,0.21283812014008066,0.19034767799975325,0.19699820140800794,0.15029340004414862
0022501114,2026-04-02,2026-03-29,1,0.5486486486486486,0.6979480441853892,0.49199681455309385,0.678014930977382,0.6630587777091659,0.6959147390322118
0022501115,2026-04-02,2026-03-29,1,0.5486486486486486,0.7308202591717804,0.7081033956107413,0.6884975152045111,0.6909740652566067,0.7209897150884013
0022501116,2026-04-02,2026-03-29,1,0.5486486486486486,0.7376270283223654,0.6772005465372383,0.6728441054557331,0.6968427915598181,0.7426318604721435
0022501117,2026-04-02,2026-03-29,0,0.5486486486486486,0.30441513939432424,0.36921061856682796,0.3373001754073747,0.3450109155247784,0.3012361126313065
0022501118,2026-04-02,2026-03-29,1,0.5486486486486486,0.6588046249202851,0.7282558746398022,0.6069749981143775,0.6305816238990213,0.6398208211842451
0022501119,2026-04-02,2026-03-29,0,0.5486486486486486,0.2397077951859415,0.2623336308096241,0.2919255026224084,0.28888764552559204,0.24672491750690517
0022501120,2026-04-03,2026-03-29,1,0.5486486486486486,0.9435001665167674,0.8373932288316028,0.9024252600513168,0.9040972076479427,0.9403715455122518
0022501121,2026-04-03,2026-03-29,1,0.5486486486486486,0.49421947919378884,0.5161425947173847,0.5094465537960972,0.4988025990424083,0.5004769012860172
0022501122,2026-04-03,2026-03-29,0,0.5486486486486486,0.13706816340948558,0.17210313180592307,0.19399781173348044,0.19095080359304328,0.14423277374269125
0022501123,2026-04-03,2026-03-29,1,0.5486486486486486,0.8879124405183184,0.7790319184603743,0.8349074372136135,0.8392789193636446,0.8855127348412355
0022501124,2026-04-03,2026-03-29,1,0.5486486486486486,0.898784511556159,0.839961670326212,0.8401740490695379,0.8511096274034007,0.8964678217633051
0022501125,2026-04-03,2026-03-29,0,0.5486486486486486,0.24471751064737032,0.26164941611199977,0.29398438832805035,0.2933493807217184,0.24714987315146505
0022501126,2026-04-03,2026-03-29,0,0.5486486486486486,0.12862558940977095,0.23523532376928175,0.1858876423620813,0.18214046532437714,0.1311363470783705
0022501127,2026-04-03,2026-03-29,0,0.5486486486486486,0.2996967789162669,0.329123632729411,0.3451260034436926,0.34101570742799214,0.3098269332129236
0022501128,2026-04-03,2026-03-29,1,0.5486486486486486,0.3404126875913506,0.4268161720086443,0.3723668906114453,0.37509517747045235,0.3477293284606218
0022501129,2026-04-04,2026-03-29,1,0.5486486486486486,0.8891338537314255,0.8050162379488542,0.8326910241869815,0.8405921398424678,0.8867426262407035
0022501130,2026-04-04,2026-03-29,1,0.5486486486486486,0.30175784726573507,0.39150820967251804,0.3364248424482477,0.3427625093033662,0.3119022856915182
0022501131,2026-04-04,2026-03-29,0,0.5486486486486486,0.30831897025827915,0.34202257744055226,0.3587143835513195,0.3483066273084522,0.3050719698359379
0022501132,2026-04-05,2026-04-05,1,0.5486649440137812,0.7937720921399295,0.6624598475264178,0.7518902740814533,0.7520719403702042,0.7914961039993419
0022501133,2026-04-05,2026-04-05,1,0.5486649440137812,0.6065241846016233,0.5719810408766297,0.5868292429490859,0.5904125840423033,0.6283418163993568
0022501134,2026-04-05,2026-04-05,0,0.5486649440137812,0.24424617240901705,0.3138332226913368,0.29475093529195534,0.2881179495756997,0.24070211309360862
0022501135,2026-04-05,2026-04-05,1,0.5486649440137812,0.6369262076483524,0.6398924281855917,0.618637404494219,0.6155774151392066,0.6355069936988454
0022501136,2026-04-05,2026-04-05,1,0.5486649440137812,0.9254015316209872,0.8674075317337475,0.8770220537231248,0.8870755701959789,0.9257070643693399
0022501137,2026-04-05,2026-04-05,0,0.5486649440137812,0.4296604125765801,0.5651560250026898,0.42722269045884465,0.4460982155893008,0.43019169007306785
0022501138,2026-04-05,2026-04-05,0,0.5486649440137812,0.39241240436843683,0.3511484975194659,0.4294404434533154,0.4154170642501392,0.3932899757784992
0022501139,2026-04-05,2026-04-05,1,0.5486649440137812,0.9750971996318083,0.955028906854721,0.9495390520230081,0.9523831985052443,0.9749302728290573
0022501140,2026-04-05,2026-04-05,1,0.5486649440137812,0.13881096139165824,0.17726596548186113,0.18160393991251525,0.1869187833419591,0.13732763090829295
0022501141,2026-04-05,2026-04-05,0,0.5486649440137812,0.207707359100875,0.2751722162265623,0.27191412112406743,0.2545132630393826,0.2048845074003116
0022501142,2026-04-05,2026-04-05,0,0.5486649440137812,0.2973431199979597,0.30077482596097627,0.32970403561447015,0.33506242226252564,0.3052588974725281
0022501143,2026-04-06,2026-04-05,0,0.5486649440137812,0.5267808387997279,0.5125580812385199,0.537877323046296,0.5252338404257787,0.5263654700796642
0022501144,2026-04-06,2026-04-05,1,0.5486649440137812,0.2314347180923547,0.24664265630127696,0.2815583102603548,0.27647467590342933,0.21647919350760017
0022501145,2026-04-06,2026-04-05,0,0.5486649440137812,0.1263470078680235,0.19291036619531168,0.17157047818314589,0.17388595761430437,0.12838901526560753
0022501146,2026-04-06,2026-04-05,1,0.5486649440137812,0.8665544309096342,0.8036609069032993,0.821522953392995,0.8227275201468445,0.8643440059557476
0022501147,2026-04-06,2026-04-05,1,0.5486649440137812,0.7135113032974351,0.6448901522640055,0.670902077947787,0.680431644405899,0.699176939141783
0022501148,2026-04-07,2026-04-05,0,0.5486649440137812,0.39425654325826254,0.3566801537799742,0.4292431479434807,0.4169438043692128,0.39511742075060463
0022501149,2026-04-07,2026-04-05,1,0.5486649440137812,0.648473061271199,0.6571376074743032,0.6142610126172763,0.6252058756323837,0.6469612070292184
0022501150,2026-04-07,2026-04-05,1,0.5486649440137812,0.4145667344380223,0.389210182991435,0.443568599983511,0.43370230533287146,0.415240459099158
0022501151,2026-04-07,2026-04-05,1,0.5486649440137812,0.5756180795712338,0.6811684047145219,0.5611628398750574,0.56504657705097,0.5674444359609621
0022501152,2026-04-07,2026-04-05,0,0.5486649440137812,0.15620424047177134,0.18323633592120916,0.22424609690349587,0.204633131089598,0.15831785979059074
0022501153,2026-04-07,2026-04-05,1,0.5486649440137812,0.7673446516284564,0.6283202198705222,0.7381307911796439,0.727926382035945,0.7651360078590084
0022501154,2026-04-07,2026-04-05,1,0.5486649440137812,0.7508075751115829,0.7443263273951176,0.6808894724172747,0.713119418543785,0.7486605545167827
0022501155,2026-04-07,2026-04-05,0,0.5486649440137812,0.32299132911042105,0.3371717032450116,0.37527484283601287,0.35712337464374894,0.3244478628802606
0022501156,2026-04-07,2026-04-05,1,0.5486649440137812,0.8518404746909197,0.7652565274884964,0.8057838594759951,0.8078298429354607,0.8495814698805867
0022501157,2026-04-07,2026-04-05,0,0.5486649440137812,0.4409978318024032,0.422727210101795,0.45072831296583005,0.4553822044703199,0.441420607574104
0022501158,2026-04-08,2026-04-05,1,0.5486649440137812,0.5687897607016601,0.5361785451295238,0.5445714650809598,0.559464375938299,0.5679722623580513
0022501159,2026-04-08,2026-04-05,1,0.5486649440137812,0.44213925916693786,0.3958018408110617,0.46640823309566976,0.4563157662713536,0.46665751186141746
0022501160,2026-04-08,2026-04-05,1,0.5486649440137812,0.9335428573003655,0.8912942986474105,0.8937128542139472,0.8968118804771362,0.9377962688891445
0022501161,2026-04-08,2026-04-05,1,0.5486649440137812,0.8725287173364787,0.783168055271731,0.8248963639443909,0.8288875463123255,0.8703441011494228
0022501162,2026-04-08,2026-04-05,1,0.5486649440137812,0.9188980959036445,0.8938263379281414,0.879437934660381,0.8794801452248471,0.9170573538791779
0022501163,2026-04-08,2026-04-05,0,0.5486649440137812,0.21926961498731656,0.19713574521636087,0.2736424103213786,0.2652833035496439,0.2213059663851258
0022501164,2026-04-08,2026-04-05,1,0.5486649440137812,0.8432119861922258,0.8082495529506007,0.7897927088991985,0.7992589576688106,0.8409337382221184
0022501165,2026-04-09,2026-04-05,1,0.5486649440137812,0.5756180795712338,0.6811684047145219,0.5611628398750574,0.56504657705097,0.5747369057275654
0022501166,2026-04-09,2026-04-05,0,0.5486649440137812,0.39425654325826254,0.3566801537799742,0.4292431479434807,0.4169438043692128,0.39511742075060463
0022501167,2026-04-09,2026-04-05,0,0.5486649440137812,0.5301432316712409,0.5021562983581596,0.5177993761853382,0.5279687932451681,0.5296951744592199
0022501168,2026-04-09,2026-04-05,1,0.5486649440137812,0.44485983099998844,0.49688709938185427,0.45670150964018724,0.4585401222786948,0.45261068117912046
0022501169,2026-04-09,2026-04-05,1,0.5486649440137812,0.666708552237574,0.6619419141924008,0.6316034230838312,0.6405065065812215,0.6583932768318336
0022501170,2026-04-09,2026-04-05,0,0.5486649440137812,0.2703919767004352,0.3066386075009835,0.292022023734232,0.3114753428474993,0.2721975316312753
0022501171,2026-04-10,2026-04-05,0,0.5486649440137812,0.44257240396524083,0.3587900215999614,0.46876800611054603,0.456669980273688,0.45033825220079665
0022501172,2026-04-10,2026-04-05,0,0.5486649440137812,0.15505711693875962,0.2486137570706582,0.2127416603579834,0.20348037180554823,0.15716945905308846
0022501173,2026-04-10,2026-04-05,1,0.5486649440137812,0.5441007906020363,0.5572818886178551,0.5511040218094522,0.5393285964711634,0.5435178184437458
0022501174,2026-04-10,2026-04-05,1,0.5486649440137812,0.9042967390962352,0.8795410428598366,0.8523300367422671,0.8629362271427916,0.8905352924924557
0022501175,2026-04-10,2026-04-05,0,0.5486649440137812,0.1867249554013844,0.21533963956749194,0.24746457046870984,0.23459902111050296,0.1888349287525118
0022501176,2026-04-10,2026-04-05,1,0.5486649440137812,0.7108393731169228,0.6163941392279609,0.6776829966553751,0.6781227168511468,0.7088941261115891
0022501177,2026-04-10,2026-04-05,0,0.5486649440137812,0.2925493086104109,0.40420137519313926,0.32798026765340244,0.33089949541487373,0.27443730200764394
0022501178,2026-04-10,2026-04-05,0,0.5486649440137812,0.6172807457899806,0.6154835223275922,0.6011337016619487,0.5992883035252095,0.5927796629570624
0022501179,2026-04-10,2026-04-05,1,0.5486649440137812,0.689738297003377,0.695453181653807,0.6480740518529857,0.6600215166839418,0.7084123085259637
0022501180,2026-04-10,2026-04-05,1,0.5486649440137812,0.9652370527334043,0.9355467397993769,0.9370826419495473,0.9379819136062912,0.9641039690888942
0022501181,2026-04-10,2026-04-05,1,0.5486649440137812,0.4799884147288737,0.512050460528232,0.4929906579041686,0.48718352881427146,0.4874666797957407
0022501182,2026-04-10,2026-04-05,1,0.5486649440137812,0.3304343721851371,0.3547116707172618,0.3691822307188635,0.3634642508455889,0.33183434614108903
0022501183,2026-04-10,2026-04-05,1,0.5486649440137812,0.5262222525824831,0.6420685934318316,0.5280003049129233,0.5247795363487961,0.5258123203484959
0022501184,2026-04-10,2026-04-05,1,0.5486649440137812,0.34318197841039105,0.33326111942724984,0.4075821508474747,0.3742670063969742,0.37370227597963535
0022501185,2026-04-10,2026-04-05,1,0.5486649440137812,0.6949881330451655,0.659027597553647,0.6808500448819251,0.6645038923761422,0.6720777746851028
0022501186,2026-04-12,2026-04-12,1,0.5522633744855967,0.7962635318438834,0.7260318313054344,0.745176057122268,0.7623543147456745,0.7941060083880975
0022501187,2026-04-12,2026-04-12,1,0.5522633744855967,0.9607263604703626,0.9262597171211033,0.9283806531400568,0.9367655703395105,0.9595590484105095
0022501188,2026-04-12,2026-04-12,0,0.5522633744855967,0.06408288621003816,0.0991833822122391,0.11799243325168429,0.09901133297854614,0.06558708858201324
0022501189,2026-04-12,2026-04-12,1,0.5522633744855967,0.3772248583603131,0.4018611332497491,0.39343654829450697,0.4037909295628775,0.37823478997811544
0022501190,2026-04-12,2026-04-12,0,0.5522633744855967,0.6074590474485716,0.6927451289786285,0.5963402707966834,0.5969510183968941,0.6063784346339216
0022501191,2026-04-12,2026-04-12,1,0.5522633744855967,0.8080523169677489,0.7692577111969501,0.7668697546481388,0.7734004630137714,0.8058798657378919
0022501192,2026-04-12,2026-04-12,1,0.5522633744855967,0.9017313083331021,0.8756524779126719,0.8564785241232883,0.8673385024721112,0.8998295813509856
0022501193,2026-04-12,2026-04-12,1,0.5522633744855967,0.5331464135348132,0.46140594168835297,0.5382197383186977,0.5347671865986043,0.5327306528574351
0022501194,2026-04-12,2026-04-12,1,0.5522633744855967,0.9350209706099413,0.9258854685407676,0.8998635761275593,0.9049029950851267,0.9334536326010859
0022501195,2026-04-12,2026-04-12,1,0.5522633744855967,0.7991082209914702,0.8555873263122655,0.7444929593892278,0.7650080668843381,0.7969463013179359
0022501196,2026-04-12,2026-04-12,0,0.5522633744855967,0.877866782784152,0.8492148025030499,0.8348725344298468,0.84209412007224,0.8758171163761674
0022501197,2026-04-12,2026-04-12,0,0.5522633744855967,0.7628593809823027,0.7163630348683788,0.7242283905735569,0.7316924078512026,0.7607880826453863
0022501198,2026-04-12,2026-04-12,1,0.5522633744855967,0.9354487091052833,0.8995713621289654,0.898575702686385,0.9054087285284695,0.93388685630412
0022501199,2026-04-12,2026-04-12,1,0.5522633744855967,0.7388108514855124,0.6591143652981656,0.7131197801641255,0.7101120615168761,0.7368367852654266
0022501200,2026-04-12,2026-04-12,1,0.5522633744855967,0.8549584749838168,0.8609438513944729,0.8033819550164536,0.8188282725897362,0.852823333103866
